chain,block_date,n_tx
arbitrum,1/1/2025 0:00,1619143
base,1/1/2025 0:00,13394092
optimism,1/1/2025 0:00,667417
arbitrum,1/2/2025 0:00,1951410
base,1/2/2025 0:00,12492205
optimism,1/2/2025 0:00,877279
arbitrum,1/3/2025 0:00,1903385
base,1/3/2025 0:00,12401169
optimism,1/3/2025 0:00,825000
arbitrum,1/4/2025 0:00,1815314
base,1/4/2025 0:00,11736861
optimism,1/4/2025 0:00,901190
arbitrum,1/5/2025 0:00,1722501
base,1/5/2025 0:00,10479200
optimism,1/5/2025 0:00,784736
arbitrum,1/6/2025 0:00,2046325
base,1/6/2025 0:00,11937115
optimism,1/6/2025 0:00,726032
arbitrum,1/7/2025 0:00,2101476
base,1/7/2025 0:00,11194067
optimism,1/7/2025 0:00,856002
arbitrum,1/8/2025 0:00,2488510
base,1/8/2025 0:00,11087719
optimism,1/8/2025 0:00,840937
arbitrum,1/9/2025 0:00,2324032
base,1/9/2025 0:00,11405571
optimism,1/9/2025 0:00,798814
arbitrum,1/10/2025 0:00,2142042
base,1/10/2025 0:00,10626244
optimism,1/10/2025 0:00,820877
arbitrum,1/11/2025 0:00,1744841
base,1/11/2025 0:00,11514575
optimism,1/11/2025 0:00,797256
arbitrum,1/12/2025 0:00,1546136
base,1/12/2025 0:00,11721364
optimism,1/12/2025 0:00,755623
arbitrum,1/13/2025 0:00,3069175
base,1/13/2025 0:00,9569286
optimism,1/13/2025 0:00,1186046
arbitrum,1/14/2025 0:00,2080540
base,1/14/2025 0:00,10854906
optimism,1/14/2025 0:00,859720
arbitrum,1/15/2025 0:00,2167257
base,1/15/2025 0:00,11296721
optimism,1/15/2025 0:00,747089
arbitrum,1/16/2025 0:00,2205001
base,1/16/2025 0:00,10686241
optimism,1/16/2025 0:00,743372
arbitrum,1/17/2025 0:00,2064598
base,1/17/2025 0:00,11058383
optimism,1/17/2025 0:00,723184
arbitrum,1/18/2025 0:00,2593046
base,1/18/2025 0:00,10602115
optimism,1/18/2025 0:00,731949
arbitrum,1/19/2025 0:00,3260831
base,1/19/2025 0:00,9810711
optimism,1/19/2025 0:00,1257340
arbitrum,1/20/2025 0:00,3519441
base,1/20/2025 0:00,9222484
optimism,1/20/2025 0:00,1035935
arbitrum,1/21/2025 0:00,2878908
base,1/21/2025 0:00,10031208
optimism,1/21/2025 0:00,880014
arbitrum,1/22/2025 0:00,2221440
base,1/22/2025 0:00,10968669
optimism,1/22/2025 0:00,759023
arbitrum,1/23/2025 0:00,2760098
base,1/23/2025 0:00,9171955
optimism,1/23/2025 0:00,814115
arbitrum,1/24/2025 0:00,2557510
base,1/24/2025 0:00,10369941
optimism,1/24/2025 0:00,796357
arbitrum,1/25/2025 0:00,2031606
base,1/25/2025 0:00,10964665
optimism,1/25/2025 0:00,786520
arbitrum,1/26/2025 0:00,1611233
base,1/26/2025 0:00,9879186
optimism,1/26/2025 0:00,734037
arbitrum,1/27/2025 0:00,2662093
base,1/27/2025 0:00,9379833
optimism,1/27/2025 0:00,947870
arbitrum,1/28/2025 0:00,1905385
base,1/28/2025 0:00,8631651
optimism,1/28/2025 0:00,700932
arbitrum,1/29/2025 0:00,1816745
base,1/29/2025 0:00,9256315
optimism,1/29/2025 0:00,819397
arbitrum,1/30/2025 0:00,1893161
base,1/30/2025 0:00,9549699
optimism,1/30/2025 0:00,878624
arbitrum,1/31/2025 0:00,1969086
base,1/31/2025 0:00,9758676
optimism,1/31/2025 0:00,844754
arbitrum,2/1/2025 0:00,1892794
base,2/1/2025 0:00,8594775
optimism,2/1/2025 0:00,870569
arbitrum,2/2/2025 0:00,2888265
base,2/2/2025 0:00,8484426
optimism,2/2/2025 0:00,1134791
arbitrum,2/3/2025 0:00,3225615
base,2/3/2025 0:00,8526897
optimism,2/3/2025 0:00,1761928
arbitrum,2/4/2025 0:00,2844276
base,2/4/2025 0:00,8185567
optimism,2/4/2025 0:00,1069386
arbitrum,2/5/2025 0:00,2397040
base,2/5/2025 0:00,7457035
optimism,2/5/2025 0:00,914658
arbitrum,2/6/2025 0:00,2281730
base,2/6/2025 0:00,7985590
optimism,2/6/2025 0:00,945930
arbitrum,2/7/2025 0:00,2187564
base,2/7/2025 0:00,7532350
optimism,2/7/2025 0:00,1101326
arbitrum,2/8/2025 0:00,1748946
base,2/8/2025 0:00,7502619
optimism,2/8/2025 0:00,904991
arbitrum,2/9/2025 0:00,1728610
base,2/9/2025 0:00,7583188
optimism,2/9/2025 0:00,920585
arbitrum,2/10/2025 0:00,1863807
base,2/10/2025 0:00,7521768
optimism,2/10/2025 0:00,871770
arbitrum,2/11/2025 0:00,1864990
base,2/11/2025 0:00,7268304
optimism,2/11/2025 0:00,899272
arbitrum,2/12/2025 0:00,1943976
base,2/12/2025 0:00,7652787
optimism,2/12/2025 0:00,799300
arbitrum,2/13/2025 0:00,1857476
base,2/13/2025 0:00,8033031
optimism,2/13/2025 0:00,835104
arbitrum,2/14/2025 0:00,1826543
base,2/14/2025 0:00,7342048
optimism,2/14/2025 0:00,842046
arbitrum,2/15/2025 0:00,1548377
base,2/15/2025 0:00,6606909
optimism,2/15/2025 0:00,795552
arbitrum,2/16/2025 0:00,1531288
base,2/16/2025 0:00,7154051
optimism,2/16/2025 0:00,698240
arbitrum,2/17/2025 0:00,2018551
base,2/17/2025 0:00,6982001
optimism,2/17/2025 0:00,810113
arbitrum,2/18/2025 0:00,2365683
base,2/18/2025 0:00,7054600
optimism,2/18/2025 0:00,909049
arbitrum,2/19/2025 0:00,1931671
base,2/19/2025 0:00,6985593
optimism,2/19/2025 0:00,1161781
arbitrum,2/20/2025 0:00,1892134
base,2/20/2025 0:00,7817809
optimism,2/20/2025 0:00,904470
arbitrum,2/21/2025 0:00,2224214
base,2/21/2025 0:00,7648319
optimism,2/21/2025 0:00,1011533
arbitrum,2/22/2025 0:00,1795338
base,2/22/2025 0:00,6979640
optimism,2/22/2025 0:00,913507
arbitrum,2/23/2025 0:00,1684035
base,2/23/2025 0:00,6888172
optimism,2/23/2025 0:00,993771
arbitrum,2/24/2025 0:00,2540737
base,2/24/2025 0:00,7331907
optimism,2/24/2025 0:00,1208693
arbitrum,2/25/2025 0:00,3291575
base,2/25/2025 0:00,6938837
optimism,2/25/2025 0:00,1177497
arbitrum,2/26/2025 0:00,2618939
base,2/26/2025 0:00,6503227
optimism,2/26/2025 0:00,952727
arbitrum,2/27/2025 0:00,2587529
base,2/27/2025 0:00,6579937
optimism,2/27/2025 0:00,954589
arbitrum,2/28/2025 0:00,3341880
base,2/28/2025 0:00,7465480
optimism,2/28/2025 0:00,1048049
arbitrum,3/1/2025 0:00,1974815
base,3/1/2025 0:00,7067816
optimism,3/1/2025 0:00,1029402
arbitrum,3/2/2025 0:00,2246775
base,3/2/2025 0:00,8017742
optimism,3/2/2025 0:00,1118235
arbitrum,3/3/2025 0:00,2868982
base,3/3/2025 0:00,8196933
optimism,3/3/2025 0:00,1008483
arbitrum,3/4/2025 0:00,3145924
base,3/4/2025 0:00,7672359
optimism,3/4/2025 0:00,1161484
arbitrum,3/5/2025 0:00,2500616
base,3/5/2025 0:00,7485981
optimism,3/5/2025 0:00,973711
arbitrum,3/6/2025 0:00,2425222
base,3/6/2025 0:00,7878658
optimism,3/6/2025 0:00,911326
arbitrum,3/7/2025 0:00,2765754
base,3/7/2025 0:00,7174112
optimism,3/7/2025 0:00,938053
arbitrum,3/8/2025 0:00,2248846
base,3/8/2025 0:00,7561112
optimism,3/8/2025 0:00,746897
arbitrum,3/9/2025 0:00,2679565
base,3/9/2025 0:00,8219433
optimism,3/9/2025 0:00,880833
arbitrum,3/10/2025 0:00,3345762
base,3/10/2025 0:00,7736817
optimism,3/10/2025 0:00,979051
arbitrum,3/11/2025 0:00,3103672
base,3/11/2025 0:00,7512152
optimism,3/11/2025 0:00,919525
arbitrum,3/12/2025 0:00,2716839
base,3/12/2025 0:00,7635782
optimism,3/12/2025 0:00,819554
arbitrum,3/13/2025 0:00,2356141
base,3/13/2025 0:00,7701248
optimism,3/13/2025 0:00,801812
arbitrum,3/14/2025 0:00,1995912
base,3/14/2025 0:00,7579334
optimism,3/14/2025 0:00,775620
arbitrum,3/15/2025 0:00,1672475
base,3/15/2025 0:00,7062479
optimism,3/15/2025 0:00,752026
arbitrum,3/16/2025 0:00,1987124
base,3/16/2025 0:00,7590236
optimism,3/16/2025 0:00,730945
arbitrum,3/17/2025 0:00,2111143
base,3/17/2025 0:00,6940185
optimism,3/17/2025 0:00,767683
arbitrum,3/18/2025 0:00,2150729
base,3/18/2025 0:00,7470748
optimism,3/18/2025 0:00,777210
arbitrum,3/19/2025 0:00,2278807
base,3/19/2025 0:00,7785122
optimism,3/19/2025 0:00,824742
arbitrum,3/20/2025 0:00,2040223
base,3/20/2025 0:00,8265102
optimism,3/20/2025 0:00,814761
arbitrum,3/21/2025 0:00,1889355
base,3/21/2025 0:00,8420710
optimism,3/21/2025 0:00,1718793
arbitrum,3/22/2025 0:00,1766082
base,3/22/2025 0:00,7654018
optimism,3/22/2025 0:00,1508909
arbitrum,3/23/2025 0:00,1789081
base,3/23/2025 0:00,7293077
optimism,3/23/2025 0:00,1100695
arbitrum,3/24/2025 0:00,2284538
base,3/24/2025 0:00,7241259
optimism,3/24/2025 0:00,1191891
arbitrum,3/25/2025 0:00,2273412
base,3/25/2025 0:00,6946930
optimism,3/25/2025 0:00,1112522
arbitrum,3/26/2025 0:00,2329944
base,3/26/2025 0:00,6848521
optimism,3/26/2025 0:00,1100832
arbitrum,3/27/2025 0:00,2381650
base,3/27/2025 0:00,7000735
optimism,3/27/2025 0:00,1191260
arbitrum,3/28/2025 0:00,2485113
base,3/28/2025 0:00,7103233
optimism,3/28/2025 0:00,1029965
arbitrum,3/29/2025 0:00,2699267
base,3/29/2025 0:00,6820172
optimism,3/29/2025 0:00,1016299
arbitrum,3/30/2025 0:00,2379379
base,3/30/2025 0:00,6940520
optimism,3/30/2025 0:00,1125803
arbitrum,3/31/2025 0:00,2873654
base,3/31/2025 0:00,7514792
optimism,3/31/2025 0:00,1036999
arbitrum,4/1/2025 0:00,2455649
base,4/1/2025 0:00,6694699
optimism,4/1/2025 0:00,914104
arbitrum,4/2/2025 0:00,2940601
base,4/2/2025 0:00,7299103
optimism,4/2/2025 0:00,1008353
arbitrum,4/3/2025 0:00,2719008
base,4/3/2025 0:00,7560753
optimism,4/3/2025 0:00,996625
arbitrum,4/4/2025 0:00,2502931
base,4/4/2025 0:00,6987376
optimism,4/4/2025 0:00,856716
arbitrum,4/5/2025 0:00,1768263
base,4/5/2025 0:00,5946952
optimism,4/5/2025 0:00,785294
arbitrum,4/6/2025 0:00,3043365
base,4/6/2025 0:00,7274717
optimism,4/6/2025 0:00,1095935
arbitrum,4/7/2025 0:00,3445675
base,4/7/2025 0:00,7711615
optimism,4/7/2025 0:00,1142845
arbitrum,4/8/2025 0:00,2788394
base,4/8/2025 0:00,7039857
optimism,4/8/2025 0:00,1186851
arbitrum,4/9/2025 0:00,3163236
base,4/9/2025 0:00,6968171
optimism,4/9/2025 0:00,1157074
arbitrum,4/10/2025 0:00,2806696
base,4/10/2025 0:00,7348853
optimism,4/10/2025 0:00,1024233
arbitrum,4/11/2025 0:00,2338081
base,4/11/2025 0:00,7452641
optimism,4/11/2025 0:00,931107
arbitrum,4/12/2025 0:00,1985170
base,4/12/2025 0:00,7803158
optimism,4/12/2025 0:00,900479
arbitrum,4/13/2025 0:00,2094488
base,4/13/2025 0:00,7655469
optimism,4/13/2025 0:00,986346
arbitrum,4/14/2025 0:00,2198440
base,4/14/2025 0:00,7985905
optimism,4/14/2025 0:00,973849
arbitrum,4/15/2025 0:00,2084998
base,4/15/2025 0:00,7180515
optimism,4/15/2025 0:00,1408836
arbitrum,4/16/2025 0:00,2198342
base,4/16/2025 0:00,7161257
optimism,4/16/2025 0:00,1011768
arbitrum,4/17/2025 0:00,1894802
base,4/17/2025 0:00,6537098
optimism,4/17/2025 0:00,868108
arbitrum,4/18/2025 0:00,1620135
base,4/18/2025 0:00,5551321
optimism,4/18/2025 0:00,869920
arbitrum,4/19/2025 0:00,1619746
base,4/19/2025 0:00,5947164
optimism,4/19/2025 0:00,888696
arbitrum,4/20/2025 0:00,1697959
base,4/20/2025 0:00,6772526
optimism,4/20/2025 0:00,915109
arbitrum,4/21/2025 0:00,2237744
base,4/21/2025 0:00,6691813
optimism,4/21/2025 0:00,956134
arbitrum,4/22/2025 0:00,2428615
base,4/22/2025 0:00,6869254
optimism,4/22/2025 0:00,909162
arbitrum,4/23/2025 0:00,2444221
base,4/23/2025 0:00,6993598
optimism,4/23/2025 0:00,821593
arbitrum,4/24/2025 0:00,2142646
base,4/24/2025 0:00,7225407
optimism,4/24/2025 0:00,1000426
arbitrum,4/25/2025 0:00,2218524
base,4/25/2025 0:00,7093472
optimism,4/25/2025 0:00,914163
arbitrum,4/26/2025 0:00,1884260
base,4/26/2025 0:00,7037770
optimism,4/26/2025 0:00,815483
arbitrum,4/27/2025 0:00,1917989
base,4/27/2025 0:00,7551612
optimism,4/27/2025 0:00,829956
arbitrum,4/28/2025 0:00,2223290
base,4/28/2025 0:00,7087911
optimism,4/28/2025 0:00,811326
arbitrum,4/29/2025 0:00,2148037
base,4/29/2025 0:00,7008018
optimism,4/29/2025 0:00,825008
arbitrum,4/30/2025 0:00,2124807
base,4/30/2025 0:00,7316855
optimism,4/30/2025 0:00,839277
arbitrum,5/1/2025 0:00,2025418
base,5/1/2025 0:00,8025033
optimism,5/1/2025 0:00,847338
arbitrum,5/2/2025 0:00,1935966
base,5/2/2025 0:00,7131771
optimism,5/2/2025 0:00,864688
arbitrum,5/3/2025 0:00,1626451
base,5/3/2025 0:00,7797292
optimism,5/3/2025 0:00,788455
arbitrum,5/4/2025 0:00,1711082
base,5/4/2025 0:00,7078868
optimism,5/4/2025 0:00,761565
arbitrum,5/5/2025 0:00,1900043
base,5/5/2025 0:00,6802792
optimism,5/5/2025 0:00,798711
arbitrum,5/6/2025 0:00,2134575
base,5/6/2025 0:00,7105444
optimism,5/6/2025 0:00,906765
arbitrum,5/7/2025 0:00,2124966
base,5/7/2025 0:00,7665266
optimism,5/7/2025 0:00,912719
arbitrum,5/8/2025 0:00,2888560
base,5/8/2025 0:00,10256450
optimism,5/8/2025 0:00,1096174
arbitrum,5/9/2025 0:00,2926645
base,5/9/2025 0:00,10351483
optimism,5/9/2025 0:00,1234951
arbitrum,5/10/2025 0:00,3068291
base,5/10/2025 0:00,11023906
optimism,5/10/2025 0:00,1181713
arbitrum,5/11/2025 0:00,2837353
base,5/11/2025 0:00,11159157
optimism,5/11/2025 0:00,988862
arbitrum,5/12/2025 0:00,2953871
base,5/12/2025 0:00,12211383
optimism,5/12/2025 0:00,1011323
arbitrum,5/13/2025 0:00,2970155
base,5/13/2025 0:00,11502156
optimism,5/13/2025 0:00,987082
arbitrum,5/14/2025 0:00,2672492
base,5/14/2025 0:00,10844882
optimism,5/14/2025 0:00,974414
arbitrum,5/15/2025 0:00,2777786
base,5/15/2025 0:00,9553288
optimism,5/15/2025 0:00,986424
arbitrum,5/16/2025 0:00,2342523
base,5/16/2025 0:00,8872858
optimism,5/16/2025 0:00,971790
arbitrum,5/17/2025 0:00,2321902
base,5/17/2025 0:00,8062545
optimism,5/17/2025 0:00,932733
arbitrum,5/18/2025 0:00,2420637
base,5/18/2025 0:00,8835715
optimism,5/18/2025 0:00,1003452
arbitrum,5/19/2025 0:00,2821735
base,5/19/2025 0:00,9280962
optimism,5/19/2025 0:00,1069589
arbitrum,5/20/2025 0:00,2692583
base,5/20/2025 0:00,10304838
optimism,5/20/2025 0:00,1109737
arbitrum,5/21/2025 0:00,2797795
base,5/21/2025 0:00,12662060
optimism,5/21/2025 0:00,1074763
arbitrum,5/22/2025 0:00,2822757
base,5/22/2025 0:00,10818137
optimism,5/22/2025 0:00,1104482
arbitrum,5/23/2025 0:00,2719183
base,5/23/2025 0:00,10636627
optimism,5/23/2025 0:00,1114616
arbitrum,5/24/2025 0:00,2042068
base,5/24/2025 0:00,8150148
optimism,5/24/2025 0:00,1014509
arbitrum,5/25/2025 0:00,2283004
base,5/25/2025 0:00,8746922
optimism,5/25/2025 0:00,1011400
arbitrum,5/26/2025 0:00,2420038
base,5/26/2025 0:00,10426589
optimism,5/26/2025 0:00,1062222
arbitrum,5/27/2025 0:00,2706935
base,5/27/2025 0:00,9859188
optimism,5/27/2025 0:00,1137298
arbitrum,5/28/2025 0:00,2252103
base,5/28/2025 0:00,11989103
optimism,5/28/2025 0:00,997299
arbitrum,5/29/2025 0:00,2537099
base,5/29/2025 0:00,14033902
optimism,5/29/2025 0:00,1066103
arbitrum,5/30/2025 0:00,2896023
base,5/30/2025 0:00,11590122
optimism,5/30/2025 0:00,1226908
arbitrum,5/31/2025 0:00,2194607
base,5/31/2025 0:00,8839298
optimism,5/31/2025 0:00,964611
arbitrum,6/1/2025 0:00,1920409
base,6/1/2025 0:00,8430252
optimism,6/1/2025 0:00,776280
arbitrum,6/2/2025 0:00,2259980
base,6/2/2025 0:00,8817230
optimism,6/2/2025 0:00,792258
arbitrum,6/3/2025 0:00,2320530
base,6/3/2025 0:00,11713159
optimism,6/3/2025 0:00,859914
arbitrum,6/4/2025 0:00,2270473
base,6/4/2025 0:00,9960068
optimism,6/4/2025 0:00,984047
arbitrum,6/5/2025 0:00,2647854
base,6/5/2025 0:00,11989518
optimism,6/5/2025 0:00,1037886
arbitrum,6/6/2025 0:00,2372647
base,6/6/2025 0:00,10917667
optimism,6/6/2025 0:00,1006464
arbitrum,6/7/2025 0:00,1932657
base,6/7/2025 0:00,8824973
optimism,6/7/2025 0:00,1074584
arbitrum,6/8/2025 0:00,1849397
base,6/8/2025 0:00,9394713
optimism,6/8/2025 0:00,887797
arbitrum,6/9/2025 0:00,2350859
base,6/9/2025 0:00,10685284
optimism,6/9/2025 0:00,1050306
arbitrum,6/10/2025 0:00,2981606
base,6/10/2025 0:00,10273388
optimism,6/10/2025 0:00,1088677
arbitrum,6/11/2025 0:00,2750816
base,6/11/2025 0:00,10702654
optimism,6/11/2025 0:00,1251625
arbitrum,6/12/2025 0:00,2632930
base,6/12/2025 0:00,12214963
optimism,6/12/2025 0:00,1240591
arbitrum,6/13/2025 0:00,2973929
base,6/13/2025 0:00,11038387
optimism,6/13/2025 0:00,1188007
arbitrum,6/14/2025 0:00,1914387
base,6/14/2025 0:00,10030991
optimism,6/14/2025 0:00,1062458
arbitrum,6/15/2025 0:00,1875094
base,6/15/2025 0:00,7871924
optimism,6/15/2025 0:00,1108594
arbitrum,6/16/2025 0:00,2448191
base,6/16/2025 0:00,11309070
optimism,6/16/2025 0:00,1495751
arbitrum,6/17/2025 0:00,2744191
base,6/17/2025 0:00,10245949
optimism,6/17/2025 0:00,1406274
arbitrum,6/18/2025 0:00,2470386
base,6/18/2025 0:00,11604146
optimism,6/18/2025 0:00,1402081
arbitrum,6/19/2025 0:00,2056906
base,6/19/2025 0:00,9173985
optimism,6/19/2025 0:00,1185156
arbitrum,6/20/2025 0:00,2357921
base,6/20/2025 0:00,11017180
optimism,6/20/2025 0:00,1237161
arbitrum,6/21/2025 0:00,2310715
base,6/21/2025 0:00,11373628
optimism,6/21/2025 0:00,1255071
arbitrum,6/22/2025 0:00,3013757
base,6/22/2025 0:00,8785859
optimism,6/22/2025 0:00,1479196
arbitrum,6/23/2025 0:00,2875895
base,6/23/2025 0:00,8631775
optimism,6/23/2025 0:00,1211872
arbitrum,6/24/2025 0:00,2621369
base,6/24/2025 0:00,7956314
optimism,6/24/2025 0:00,1245629
arbitrum,6/25/2025 0:00,2583642
base,6/25/2025 0:00,8824345
optimism,6/25/2025 0:00,1208301
arbitrum,6/26/2025 0:00,2634239
base,6/26/2025 0:00,8240023
optimism,6/26/2025 0:00,1232186
arbitrum,6/27/2025 0:00,2129395
base,6/27/2025 0:00,8018895
optimism,6/27/2025 0:00,1339623
arbitrum,6/28/2025 0:00,2030999
base,6/28/2025 0:00,7435360
optimism,6/28/2025 0:00,1227687
arbitrum,6/29/2025 0:00,2526585
base,6/29/2025 0:00,7970446
optimism,6/29/2025 0:00,1234483
arbitrum,6/30/2025 0:00,3245251
base,6/30/2025 0:00,9424496
optimism,6/30/2025 0:00,1324143
arbitrum,7/1/2025 0:00,2528943
base,7/1/2025 0:00,10482086
optimism,7/1/2025 0:00,1329057
arbitrum,7/2/2025 0:00,2545800
base,7/2/2025 0:00,8888249
optimism,7/2/2025 0:00,1438191
arbitrum,7/3/2025 0:00,2377803
base,7/3/2025 0:00,8359665
optimism,7/3/2025 0:00,1075903
arbitrum,7/4/2025 0:00,2322803
base,7/4/2025 0:00,8296823
optimism,7/4/2025 0:00,1127375
arbitrum,7/5/2025 0:00,2023540
base,7/5/2025 0:00,8188441
optimism,7/5/2025 0:00,1179306
arbitrum,7/6/2025 0:00,2214433
base,7/6/2025 0:00,7263094
optimism,7/6/2025 0:00,1143748
arbitrum,7/7/2025 0:00,2450421
base,7/7/2025 0:00,7803885
optimism,7/7/2025 0:00,1157425
arbitrum,7/8/2025 0:00,2350924
base,7/8/2025 0:00,8433399
optimism,7/8/2025 0:00,1119576
arbitrum,7/9/2025 0:00,3006226
base,7/9/2025 0:00,8199548
optimism,7/9/2025 0:00,1183722
arbitrum,7/10/2025 0:00,2938023
base,7/10/2025 0:00,9308119
optimism,7/10/2025 0:00,1194016
arbitrum,7/11/2025 0:00,3162751
base,7/11/2025 0:00,9360642
optimism,7/11/2025 0:00,1246902
arbitrum,7/12/2025 0:00,2523596
base,7/12/2025 0:00,9142603
optimism,7/12/2025 0:00,1218258
arbitrum,7/13/2025 0:00,2333706
base,7/13/2025 0:00,8934061
optimism,7/13/2025 0:00,1190297
arbitrum,7/14/2025 0:00,3148262
base,7/14/2025 0:00,9358605
optimism,7/14/2025 0:00,1201922
arbitrum,7/15/2025 0:00,3393000
base,7/15/2025 0:00,9003450
optimism,7/15/2025 0:00,1357667
arbitrum,7/16/2025 0:00,3401679
base,7/16/2025 0:00,9284460
optimism,7/16/2025 0:00,1287848
arbitrum,7/17/2025 0:00,3416428
base,7/17/2025 0:00,10645344
optimism,7/17/2025 0:00,1323606
arbitrum,7/18/2025 0:00,3555218
base,7/18/2025 0:00,9816858
optimism,7/18/2025 0:00,1514300
arbitrum,7/19/2025 0:00,2685721
base,7/19/2025 0:00,10195879
optimism,7/19/2025 0:00,1102734
arbitrum,7/20/2025 0:00,3271037
base,7/20/2025 0:00,9826862
optimism,7/20/2025 0:00,1290516
arbitrum,7/21/2025 0:00,3172915
base,7/21/2025 0:00,8970065
optimism,7/21/2025 0:00,2015314
arbitrum,7/22/2025 0:00,3219803
base,7/22/2025 0:00,8945683
optimism,7/22/2025 0:00,1975709
arbitrum,7/23/2025 0:00,3119007
base,7/23/2025 0:00,9011048
optimism,7/23/2025 0:00,2026032
arbitrum,7/24/2025 0:00,3492641
base,7/24/2025 0:00,8979301
optimism,7/24/2025 0:00,1432745
arbitrum,7/25/2025 0:00,3614932
base,7/25/2025 0:00,8914588
optimism,7/25/2025 0:00,1630457
arbitrum,7/26/2025 0:00,2682134
base,7/26/2025 0:00,9100386
optimism,7/26/2025 0:00,1585178
arbitrum,7/27/2025 0:00,2954691
base,7/27/2025 0:00,8779462
optimism,7/27/2025 0:00,1597711
arbitrum,7/28/2025 0:00,3372713
base,7/28/2025 0:00,8587988
optimism,7/28/2025 0:00,2152536
arbitrum,7/29/2025 0:00,3014682
base,7/29/2025 0:00,8850025
optimism,7/29/2025 0:00,1754752
arbitrum,7/30/2025 0:00,3022317
base,7/30/2025 0:00,8638364
optimism,7/30/2025 0:00,1294012
arbitrum,7/31/2025 0:00,2904370
base,7/31/2025 0:00,9447911
optimism,7/31/2025 0:00,1131378
arbitrum,8/1/2025 0:00,3625608
base,8/1/2025 0:00,9942287
optimism,8/1/2025 0:00,1408793
arbitrum,8/2/2025 0:00,2842018
base,8/2/2025 0:00,10412554
optimism,8/2/2025 0:00,1056528
arbitrum,8/3/2025 0:00,2382464
base,8/3/2025 0:00,8843197
optimism,8/3/2025 0:00,959437
arbitrum,8/4/2025 0:00,2820025
base,8/4/2025 0:00,8881035
optimism,8/4/2025 0:00,992820
arbitrum,8/5/2025 0:00,3058624
base,8/5/2025 0:00,8819162
optimism,8/5/2025 0:00,1032673
arbitrum,8/6/2025 0:00,2728403
base,8/6/2025 0:00,9539476
optimism,8/6/2025 0:00,1017157
arbitrum,8/7/2025 0:00,2964422
base,8/7/2025 0:00,9108852
optimism,8/7/2025 0:00,1027892
arbitrum,8/8/2025 0:00,3343408
base,8/8/2025 0:00,9912327
optimism,8/8/2025 0:00,1063076
arbitrum,8/9/2025 0:00,3074528
base,8/9/2025 0:00,9317195
optimism,8/9/2025 0:00,1520658
arbitrum,8/10/2025 0:00,2954370
base,8/10/2025 0:00,8379895
optimism,8/10/2025 0:00,1644452
arbitrum,8/11/2025 0:00,3406389
base,8/11/2025 0:00,8621416
optimism,8/11/2025 0:00,1120187
arbitrum,8/12/2025 0:00,3167311
base,8/12/2025 0:00,8288778
optimism,8/12/2025 0:00,1107921
arbitrum,8/13/2025 0:00,3653230
base,8/13/2025 0:00,8839861
optimism,8/13/2025 0:00,1162057
arbitrum,8/14/2025 0:00,3499748
base,8/14/2025 0:00,9293540
optimism,8/14/2025 0:00,1101777
arbitrum,8/15/2025 0:00,3350806
base,8/15/2025 0:00,8355878
optimism,8/15/2025 0:00,1192001
arbitrum,8/16/2025 0:00,2856835
base,8/16/2025 0:00,8162852
optimism,8/16/2025 0:00,1130816
arbitrum,8/17/2025 0:00,2965239
base,8/17/2025 0:00,8428689
optimism,8/17/2025 0:00,984694
arbitrum,8/18/2025 0:00,3585130
base,8/18/2025 0:00,8958785
optimism,8/18/2025 0:00,1252166
arbitrum,8/19/2025 0:00,3464069
base,8/19/2025 0:00,9374281
optimism,8/19/2025 0:00,1133529
arbitrum,8/20/2025 0:00,3358984
base,8/20/2025 0:00,9470484
optimism,8/20/2025 0:00,1108986
arbitrum,8/21/2025 0:00,3045658
base,8/21/2025 0:00,9815168
optimism,8/21/2025 0:00,1137710
arbitrum,8/22/2025 0:00,3303930
base,8/22/2025 0:00,9368579
optimism,8/22/2025 0:00,1241664
arbitrum,8/23/2025 0:00,3076665
base,8/23/2025 0:00,9117741
optimism,8/23/2025 0:00,1081464
arbitrum,8/24/2025 0:00,3086841
base,8/24/2025 0:00,9216905
optimism,8/24/2025 0:00,2351977
arbitrum,8/25/2025 0:00,3575611
base,8/25/2025 0:00,11840309
optimism,8/25/2025 0:00,1237142
arbitrum,8/26/2025 0:00,3504901
base,8/26/2025 0:00,10947171
optimism,8/26/2025 0:00,1235594
arbitrum,8/27/2025 0:00,3474215
base,8/27/2025 0:00,13235294
optimism,8/27/2025 0:00,1309310
arbitrum,8/28/2025 0:00,3274314
base,8/28/2025 0:00,11033363
optimism,8/28/2025 0:00,1225400
arbitrum,8/29/2025 0:00,3451773
base,8/29/2025 0:00,10792209
optimism,8/29/2025 0:00,1441139
arbitrum,8/30/2025 0:00,2754385
base,8/30/2025 0:00,9858081
optimism,8/30/2025 0:00,1079423
arbitrum,8/31/2025 0:00,2516072
base,8/31/2025 0:00,9761645
optimism,8/31/2025 0:00,1111575
arbitrum,9/1/2025 0:00,2898683
base,9/1/2025 0:00,11204010
optimism,9/1/2025 0:00,1157155
arbitrum,9/2/2025 0:00,2981690
base,9/2/2025 0:00,11559910
optimism,9/2/2025 0:00,1228765
arbitrum,9/3/2025 0:00,2918009
base,9/3/2025 0:00,11500900
optimism,9/3/2025 0:00,1150425
arbitrum,9/4/2025 0:00,2976499
base,9/4/2025 0:00,11577535
optimism,9/4/2025 0:00,1185183
arbitrum,9/5/2025 0:00,3021220
base,9/5/2025 0:00,11753048
optimism,9/5/2025 0:00,1331119
arbitrum,9/6/2025 0:00,2224216
base,9/6/2025 0:00,10949286
optimism,9/6/2025 0:00,1037151
arbitrum,9/7/2025 0:00,2428317
base,9/7/2025 0:00,11522937
optimism,9/7/2025 0:00,1057581
arbitrum,9/8/2025 0:00,2884782
base,9/8/2025 0:00,12188382
optimism,9/8/2025 0:00,1229966
arbitrum,9/9/2025 0:00,2552815
base,9/9/2025 0:00,11721550
optimism,9/9/2025 0:00,1351713
arbitrum,9/10/2025 0:00,2378197
base,9/10/2025 0:00,12331512
optimism,9/10/2025 0:00,1186248
arbitrum,9/11/2025 0:00,2278293
base,9/11/2025 0:00,11730702
optimism,9/11/2025 0:00,1293738
arbitrum,9/12/2025 0:00,2355191
base,9/12/2025 0:00,11790267
optimism,9/12/2025 0:00,1139873
arbitrum,9/13/2025 0:00,1990838
base,9/13/2025 0:00,12543051
optimism,9/13/2025 0:00,1022845
arbitrum,9/14/2025 0:00,2057893
base,9/14/2025 0:00,12616497
optimism,9/14/2025 0:00,909627
arbitrum,9/15/2025 0:00,2344981
base,9/15/2025 0:00,13396044
optimism,9/15/2025 0:00,1076009
arbitrum,9/16/2025 0:00,2164220
base,9/16/2025 0:00,11905174
optimism,9/16/2025 0:00,1118535
arbitrum,9/17/2025 0:00,2273890
base,9/17/2025 0:00,12235828
optimism,9/17/2025 0:00,1319682
arbitrum,9/18/2025 0:00,2287411
base,9/18/2025 0:00,12986883
optimism,9/18/2025 0:00,1230488
arbitrum,9/19/2025 0:00,2271992
base,9/19/2025 0:00,12276310
optimism,9/19/2025 0:00,1136896
arbitrum,9/20/2025 0:00,2325096
base,9/20/2025 0:00,12787115
optimism,9/20/2025 0:00,1108192
arbitrum,9/21/2025 0:00,1989661
base,9/21/2025 0:00,14481743
optimism,9/21/2025 0:00,1348732
arbitrum,9/22/2025 0:00,3016477
base,9/22/2025 0:00,13777044
optimism,9/22/2025 0:00,1631537
arbitrum,9/23/2025 0:00,3733207
base,9/23/2025 0:00,12468656
optimism,9/23/2025 0:00,1433726
arbitrum,9/24/2025 0:00,4636305
base,9/24/2025 0:00,11702862
optimism,9/24/2025 0:00,1470646
arbitrum,9/25/2025 0:00,6293709
base,9/25/2025 0:00,12319918
optimism,9/25/2025 0:00,1845434
arbitrum,9/26/2025 0:00,4687704
base,9/26/2025 0:00,11303805
optimism,9/26/2025 0:00,1510106
arbitrum,9/27/2025 0:00,4410154
base,9/27/2025 0:00,11005668
optimism,9/27/2025 0:00,1208916
arbitrum,9/28/2025 0:00,2807356
base,9/28/2025 0:00,11315149
optimism,9/28/2025 0:00,1239869
arbitrum,9/29/2025 0:00,3080346
base,9/29/2025 0:00,11307058
optimism,9/29/2025 0:00,1145803
arbitrum,9/30/2025 0:00,3464833
base,9/30/2025 0:00,11795692
optimism,9/30/2025 0:00,1283607
arbitrum,10/1/2025 0:00,3593344
base,10/1/2025 0:00,11398430
optimism,10/1/2025 0:00,1209271
arbitrum,10/2/2025 0:00,2948175
base,10/2/2025 0:00,11441297
optimism,10/2/2025 0:00,1292312
arbitrum,10/3/2025 0:00,2525203
base,10/3/2025 0:00,11055872
optimism,10/3/2025 0:00,1271904
arbitrum,10/4/2025 0:00,3103393
base,10/4/2025 0:00,10422770
optimism,10/4/2025 0:00,1281149
arbitrum,10/5/2025 0:00,3856927
base,10/5/2025 0:00,11799589
optimism,10/5/2025 0:00,1842303
arbitrum,10/6/2025 0:00,3809343
base,10/6/2025 0:00,12677298
optimism,10/6/2025 0:00,1615047
arbitrum,10/7/2025 0:00,4546565
base,10/7/2025 0:00,10679767
optimism,10/7/2025 0:00,1791151
arbitrum,10/8/2025 0:00,4105547
base,10/8/2025 0:00,10118036
optimism,10/8/2025 0:00,2083382
arbitrum,10/9/2025 0:00,3260179
base,10/9/2025 0:00,10204255
optimism,10/9/2025 0:00,2844837
arbitrum,10/10/2025 0:00,4205910
base,10/10/2025 0:00,10004752
optimism,10/10/2025 0:00,2948298
arbitrum,10/11/2025 0:00,3934475
base,10/11/2025 0:00,9442496
optimism,10/11/2025 0:00,2572052
arbitrum,10/12/2025 0:00,4015181
base,10/12/2025 0:00,9111896
optimism,10/12/2025 0:00,2430328
arbitrum,10/13/2025 0:00,3579794
base,10/13/2025 0:00,9030193
optimism,10/13/2025 0:00,2472714
arbitrum,10/14/2025 0:00,4068975
base,10/14/2025 0:00,9749994
optimism,10/14/2025 0:00,2531025
arbitrum,10/15/2025 0:00,3673819
base,10/15/2025 0:00,9475105
optimism,10/15/2025 0:00,2353069
arbitrum,10/16/2025 0:00,3447390
base,10/16/2025 0:00,11906334
optimism,10/16/2025 0:00,1998756
arbitrum,10/17/2025 0:00,3421709
base,10/17/2025 0:00,11786849
optimism,10/17/2025 0:00,1797152
arbitrum,10/18/2025 0:00,2633150
base,10/18/2025 0:00,10635348
optimism,10/18/2025 0:00,1327550
arbitrum,10/19/2025 0:00,2956048
base,10/19/2025 0:00,10374486
optimism,10/19/2025 0:00,1638044
arbitrum,10/20/2025 0:00,2504203
base,10/20/2025 0:00,10851832
optimism,10/20/2025 0:00,1876401
arbitrum,10/21/2025 0:00,2770998
base,10/21/2025 0:00,10512584
optimism,10/21/2025 0:00,1848801
arbitrum,10/22/2025 0:00,3397807
base,10/22/2025 0:00,11601431
optimism,10/22/2025 0:00,2326308
arbitrum,10/23/2025 0:00,3530970
base,10/23/2025 0:00,11795375
optimism,10/23/2025 0:00,1712936
arbitrum,10/24/2025 0:00,3566646
base,10/24/2025 0:00,13280952
optimism,10/24/2025 0:00,1624669
arbitrum,10/25/2025 0:00,2707483
base,10/25/2025 0:00,12228719
optimism,10/25/2025 0:00,1308027
arbitrum,10/26/2025 0:00,3189740
base,10/26/2025 0:00,12217407
optimism,10/26/2025 0:00,1679455
arbitrum,10/27/2025 0:00,3796543
base,10/27/2025 0:00,11541433
optimism,10/27/2025 0:00,1958408
arbitrum,10/28/2025 0:00,3919748
base,10/28/2025 0:00,12255433
optimism,10/28/2025 0:00,2060062
arbitrum,10/29/2025 0:00,3940565
base,10/29/2025 0:00,11892652
optimism,10/29/2025 0:00,1710281
arbitrum,10/30/2025 0:00,3824828
base,10/30/2025 0:00,12083324
optimism,10/30/2025 0:00,1767403
arbitrum,10/31/2025 0:00,3556584
base,10/31/2025 0:00,11957111
optimism,10/31/2025 0:00,1695693
arbitrum,11/1/2025 0:00,3592251
base,11/1/2025 0:00,12543249
optimism,11/1/2025 0:00,1612989
arbitrum,11/2/2025 0:00,3424776
base,11/2/2025 0:00,12545133
optimism,11/2/2025 0:00,1611283
arbitrum,11/3/2025 0:00,3476633
base,11/3/2025 0:00,13176929
optimism,11/3/2025 0:00,1821360
arbitrum,11/4/2025 0:00,3911635
base,11/4/2025 0:00,13945939
optimism,11/4/2025 0:00,2073512
arbitrum,11/5/2025 0:00,3389894
base,11/5/2025 0:00,12334694
optimism,11/5/2025 0:00,1744994
arbitrum,11/6/2025 0:00,3156401
base,11/6/2025 0:00,13014261
optimism,11/6/2025 0:00,1509039
arbitrum,11/7/2025 0:00,3185685
base,11/7/2025 0:00,14657413
optimism,11/7/2025 0:00,1661553
arbitrum,11/8/2025 0:00,2851142
base,11/8/2025 0:00,13529017
optimism,11/8/2025 0:00,1649716
arbitrum,11/9/2025 0:00,2676060
base,11/9/2025 0:00,15478770
optimism,11/9/2025 0:00,1717612
arbitrum,11/10/2025 0:00,3096773
base,11/10/2025 0:00,15892865
optimism,11/10/2025 0:00,1854049
arbitrum,11/11/2025 0:00,3011429
base,11/11/2025 0:00,15326201
optimism,11/11/2025 0:00,2191914
arbitrum,11/12/2025 0:00,2936234
base,11/12/2025 0:00,16099391
optimism,11/12/2025 0:00,2286033
arbitrum,11/13/2025 0:00,3289163
base,11/13/2025 0:00,16955792
optimism,11/13/2025 0:00,2107712
arbitrum,11/14/2025 0:00,3339691
base,11/14/2025 0:00,17191349
optimism,11/14/2025 0:00,2164318
arbitrum,11/15/2025 0:00,2179467
base,11/15/2025 0:00,14904999
optimism,11/15/2025 0:00,1891638
arbitrum,11/16/2025 0:00,2715036
base,11/16/2025 0:00,16577523
optimism,11/16/2025 0:00,1893191
arbitrum,11/17/2025 0:00,2917471
base,11/17/2025 0:00,17100980
optimism,11/17/2025 0:00,2061752
arbitrum,11/18/2025 0:00,2983552
base,11/18/2025 0:00,18259355
optimism,11/18/2025 0:00,1867033
arbitrum,11/19/2025 0:00,3027700
base,11/19/2025 0:00,18097838
optimism,11/19/2025 0:00,1823925
arbitrum,11/20/2025 0:00,2823152
base,11/20/2025 0:00,16504646
optimism,11/20/2025 0:00,2116194
arbitrum,11/21/2025 0:00,3488496
base,11/21/2025 0:00,17801308
optimism,11/21/2025 0:00,2366583
arbitrum,11/22/2025 0:00,2335696
base,11/22/2025 0:00,15736786
optimism,11/22/2025 0:00,1714142
arbitrum,11/23/2025 0:00,2029931
base,11/23/2025 0:00,14738582
optimism,11/23/2025 0:00,1590995
arbitrum,11/24/2025 0:00,2718919
base,11/24/2025 0:00,15816913
optimism,11/24/2025 0:00,1528655
arbitrum,11/25/2025 0:00,3305903
base,11/25/2025 0:00,15155601
optimism,11/25/2025 0:00,1380223
arbitrum,11/26/2025 0:00,3022820
base,11/26/2025 0:00,15283562
optimism,11/26/2025 0:00,1355114
arbitrum,11/27/2025 0:00,3145895
base,11/27/2025 0:00,15697439
optimism,11/27/2025 0:00,1300556
arbitrum,11/28/2025 0:00,2811233
base,11/28/2025 0:00,13798792
optimism,11/28/2025 0:00,1749404
arbitrum,11/29/2025 0:00,2600572
base,11/29/2025 0:00,12806235
optimism,11/29/2025 0:00,1207867
arbitrum,11/30/2025 0:00,3107527
base,11/30/2025 0:00,13187407
optimism,11/30/2025 0:00,1272659
arbitrum,12/1/2025 0:00,4001063
base,12/1/2025 0:00,14458913
optimism,12/1/2025 0:00,1928135
arbitrum,12/2/2025 0:00,3500874
base,12/2/2025 0:00,13513012
optimism,12/2/2025 0:00,1449779
arbitrum,12/3/2025 0:00,3172527
base,12/3/2025 0:00,14523896
optimism,12/3/2025 0:00,1637837
arbitrum,12/4/2025 0:00,4689689
base,12/4/2025 0:00,14041218
optimism,12/4/2025 0:00,1714177
arbitrum,12/5/2025 0:00,4338200
base,12/5/2025 0:00,13434542
optimism,12/5/2025 0:00,1840096
arbitrum,12/6/2025 0:00,3627364
base,12/6/2025 0:00,12993282
optimism,12/6/2025 0:00,1664277
arbitrum,12/7/2025 0:00,4301645
base,12/7/2025 0:00,12865426
optimism,12/7/2025 0:00,1170265
arbitrum,12/8/2025 0:00,4316094
base,12/8/2025 0:00,13815708
optimism,12/8/2025 0:00,1276790
arbitrum,12/9/2025 0:00,3944730
base,12/9/2025 0:00,12777104
optimism,12/9/2025 0:00,1460066
arbitrum,12/10/2025 0:00,3978265
base,12/10/2025 0:00,12891664
optimism,12/10/2025 0:00,1532311
arbitrum,12/11/2025 0:00,3954190
base,12/11/2025 0:00,14042621
optimism,12/11/2025 0:00,1709104
arbitrum,12/12/2025 0:00,3263061
base,12/12/2025 0:00,14365039
optimism,12/12/2025 0:00,1724564
arbitrum,12/13/2025 0:00,3112718
base,12/13/2025 0:00,11426469
optimism,12/13/2025 0:00,1551254
arbitrum,12/14/2025 0:00,2372986
base,12/14/2025 0:00,12439464
optimism,12/14/2025 0:00,1753324
arbitrum,12/15/2025 0:00,3633401
base,12/15/2025 0:00,14033167
optimism,12/15/2025 0:00,2045515
arbitrum,12/16/2025 0:00,3602435
base,12/16/2025 0:00,14153328
optimism,12/16/2025 0:00,2274656
arbitrum,12/17/2025 0:00,2999246
base,12/17/2025 0:00,14876312
optimism,12/17/2025 0:00,2178476
arbitrum,12/18/2025 0:00,3146024
base,12/18/2025 0:00,14319762
optimism,12/18/2025 0:00,2163874
arbitrum,12/19/2025 0:00,2954006
base,12/19/2025 0:00,14076185
optimism,12/19/2025 0:00,1943032
arbitrum,12/20/2025 0:00,2064313
base,12/20/2025 0:00,10402224
optimism,12/20/2025 0:00,1658080
arbitrum,12/21/2025 0:00,2301767
base,12/21/2025 0:00,11374469
optimism,12/21/2025 0:00,1547289
arbitrum,12/22/2025 0:00,2841501
base,12/22/2025 0:00,12873247
optimism,12/22/2025 0:00,1721580
arbitrum,12/23/2025 0:00,2983147
base,12/23/2025 0:00,11816623
optimism,12/23/2025 0:00,1800550
arbitrum,12/24/2025 0:00,2879747
base,12/24/2025 0:00,10597028
optimism,12/24/2025 0:00,1920241
arbitrum,12/25/2025 0:00,2465534
base,12/25/2025 0:00,10442836
optimism,12/25/2025 0:00,2257244
arbitrum,12/26/2025 0:00,2574435
base,12/26/2025 0:00,10285128
optimism,12/26/2025 0:00,1934882
arbitrum,12/27/2025 0:00,2101250
base,12/27/2025 0:00,9183834
optimism,12/27/2025 0:00,1509577
arbitrum,12/28/2025 0:00,2154879
base,12/28/2025 0:00,9701130
optimism,12/28/2025 0:00,1682288
arbitrum,12/29/2025 0:00,2759990
base,12/29/2025 0:00,11313293
optimism,12/29/2025 0:00,1830519
arbitrum,12/30/2025 0:00,2817277
base,12/30/2025 0:00,10970776
optimism,12/30/2025 0:00,1737977
arbitrum,12/31/2025 0:00,2665545
base,12/31/2025 0:00,11309893
optimism,12/31/2025 0:00,2162321
