Timestamp,Date,DEXs Volume
1.69076E+12,7/31/2023,104717
1.69085E+12,8/1/2023,21884970
1.69093E+12,8/2/2023,954697
1.69102E+12,8/3/2023,27780331
1.69111E+12,8/4/2023,10457879
1.69119E+12,8/5/2023,16342992
1.69128E+12,8/6/2023,7925190
1.69137E+12,8/7/2023,18060558
1.69145E+12,8/8/2023,18660461
1.69154E+12,8/9/2023,32095736
1.69163E+12,8/10/2023,26177426
1.69171E+12,8/11/2023,35908319
1.6918E+12,8/12/2023,63132108
1.69188E+12,8/13/2023,68528850
1.69197E+12,8/14/2023,77713389
1.69206E+12,8/15/2023,104990485
1.69214E+12,8/16/2023,103555373
1.69223E+12,8/17/2023,68059605
1.69232E+12,8/18/2023,21689227
1.6924E+12,8/19/2023,12478011
1.69249E+12,8/20/2023,13149662
1.69258E+12,8/21/2023,17905464
1.69266E+12,8/22/2023,15494341
1.69275E+12,8/23/2023,14982106
1.69284E+12,8/24/2023,15719308
1.69292E+12,8/25/2023,13439168
1.69301E+12,8/26/2023,7869348
1.69309E+12,8/27/2023,15787400
1.69318E+12,8/28/2023,12086520
1.69327E+12,8/29/2023,15717880
1.69335E+12,8/30/2023,15983513
1.69344E+12,8/31/2023,49983162
1.69353E+12,9/1/2023,34206362
1.69361E+12,9/2/2023,18849805
1.6937E+12,9/3/2023,12480763
1.69379E+12,9/4/2023,9861460
1.69387E+12,9/5/2023,12930396
1.69396E+12,9/6/2023,16707079
1.69404E+12,9/7/2023,20844043
1.69413E+12,9/8/2023,17061274
1.69422E+12,9/9/2023,9187966
1.6943E+12,9/10/2023,12240640
1.69439E+12,9/11/2023,13757600
1.69448E+12,9/12/2023,18031023
1.69456E+12,9/13/2023,23049480
1.69465E+12,9/14/2023,22407451
1.69474E+12,9/15/2023,21844622
1.69482E+12,9/16/2023,20466251
1.69491E+12,9/17/2023,21880667
1.695E+12,9/18/2023,27791702
1.69508E+12,9/19/2023,36933740
1.69517E+12,9/20/2023,20705541
1.69525E+12,9/21/2023,18287183
1.69534E+12,9/22/2023,11605347
1.69543E+12,9/23/2023,10587492
1.69551E+12,9/24/2023,11672503
1.6956E+12,9/25/2023,18539771
1.69569E+12,9/26/2023,14060782
1.69577E+12,9/27/2023,17888639
1.69586E+12,9/28/2023,22915098
1.69595E+12,9/29/2023,21308834
1.69603E+12,9/30/2023,11615347
1.69612E+12,10/1/2023,20614244
1.6962E+12,10/2/2023,26044910
1.69629E+12,10/3/2023,18359584
1.69638E+12,10/4/2023,16834938
1.69646E+12,10/5/2023,26541857
1.69655E+12,10/6/2023,21415505
1.69664E+12,10/7/2023,10550724
1.69672E+12,10/8/2023,16353957
1.69681E+12,10/9/2023,27271803
1.6969E+12,10/10/2023,19894426
1.69698E+12,10/11/2023,26173170
1.69707E+12,10/12/2023,27220570
1.69716E+12,10/13/2023,16671903
1.69724E+12,10/14/2023,9322463
1.69733E+12,10/15/2023,10340498
1.69741E+12,10/16/2023,28126526
1.6975E+12,10/17/2023,14884249
1.69759E+12,10/18/2023,14638921
1.69767E+12,10/19/2023,17342628
1.69776E+12,10/20/2023,17371288
1.69785E+12,10/21/2023,17797751
1.69793E+12,10/22/2023,17925909
1.69802E+12,10/23/2023,33073379
1.69811E+12,10/24/2023,38193218
1.69819E+12,10/25/2023,26571754
1.69828E+12,10/26/2023,32382040
1.69836E+12,10/27/2023,20713282
1.69845E+12,10/28/2023,11107772
1.69854E+12,10/29/2023,11539891
1.69862E+12,10/30/2023,18323930
1.69871E+12,10/31/2023,19230617
1.6988E+12,11/1/2023,28048774
1.69888E+12,11/2/2023,25081885
1.69897E+12,11/3/2023,16896331
1.69906E+12,11/4/2023,12270428
1.69914E+12,11/5/2023,20492677
1.69923E+12,11/6/2023,22060496
1.69932E+12,11/7/2023,22300792
1.6994E+12,11/8/2023,15590930
1.69949E+12,11/9/2023,39959043
1.69957E+12,11/10/2023,26184872
1.69966E+12,11/11/2023,26799790
1.69975E+12,11/12/2023,20937123
1.69983E+12,11/13/2023,35990971
1.69992E+12,11/14/2023,28619866
1.70001E+12,11/15/2023,24135001
1.70009E+12,11/16/2023,37263717
1.70018E+12,11/17/2023,18938314
1.70027E+12,11/18/2023,16170742
1.70035E+12,11/19/2023,24449936
1.70044E+12,11/20/2023,28797276
1.70052E+12,11/21/2023,34797576
1.70061E+12,11/22/2023,36457282
1.7007E+12,11/23/2023,28905943
1.70078E+12,11/24/2023,33537761
1.70087E+12,11/25/2023,14623588
1.70096E+12,11/26/2023,19637027
1.70104E+12,11/27/2023,17804199
1.70113E+12,11/28/2023,17741295
1.70122E+12,11/29/2023,16436564
1.7013E+12,11/30/2023,39285218
1.70139E+12,12/1/2023,22873402
1.70148E+12,12/2/2023,15989067
1.70156E+12,12/3/2023,17444676
1.70165E+12,12/4/2023,21881577
1.70173E+12,12/5/2023,24832147
1.70182E+12,12/6/2023,22584593
1.70191E+12,12/7/2023,23395869
1.70199E+12,12/8/2023,20436126
1.70208E+12,12/9/2023,24227000
1.70217E+12,12/10/2023,16071933
1.70225E+12,12/11/2023,38990463
1.70234E+12,12/12/2023,31950475
1.70243E+12,12/13/2023,29504289
1.70251E+12,12/14/2023,33280022
1.7026E+12,12/15/2023,28566284
1.70268E+12,12/16/2023,33685632
1.70277E+12,12/17/2023,27524361
1.70286E+12,12/18/2023,31837875
1.70294E+12,12/19/2023,26035556
1.70303E+12,12/20/2023,27225835
1.70312E+12,12/21/2023,33574602
1.7032E+12,12/22/2023,35716391
1.70329E+12,12/23/2023,53628483
1.70338E+12,12/24/2023,39739244
1.70346E+12,12/25/2023,19482965
1.70355E+12,12/26/2023,27079806
1.70364E+12,12/27/2023,31780993
1.70372E+12,12/28/2023,49019411
1.70381E+12,12/29/2023,36496668
1.70389E+12,12/30/2023,25170846
1.70398E+12,12/31/2023,19099425
1.70407E+12,1/1/2024,21625171
1.70415E+12,1/2/2024,35725684
1.70424E+12,1/3/2024,45179939
1.70433E+12,1/4/2024,29681426
1.70441E+12,1/5/2024,30687215
1.7045E+12,1/6/2024,14775289
1.70459E+12,1/7/2024,13673689
1.70467E+12,1/8/2024,35899730
1.70476E+12,1/9/2024,55228778
1.70484E+12,1/10/2024,58551508
1.70493E+12,1/11/2024,48822621
1.70502E+12,1/12/2024,51105551
1.7051E+12,1/13/2024,24613578
1.70519E+12,1/14/2024,19374965
1.70528E+12,1/15/2024,19593428
1.70536E+12,1/16/2024,20070728
1.70545E+12,1/17/2024,28078016
1.70554E+12,1/18/2024,28093593
1.70562E+12,1/19/2024,25053635
1.70571E+12,1/20/2024,17921802
1.7058E+12,1/21/2024,16091245
1.70588E+12,1/22/2024,33024954
1.70597E+12,1/23/2024,29166625
1.70605E+12,1/24/2024,16380535
1.70614E+12,1/25/2024,35205027
1.70623E+12,1/26/2024,19296475
1.70631E+12,1/27/2024,14594392
1.7064E+12,1/28/2024,18198655
1.70649E+12,1/29/2024,27375463
1.70657E+12,1/30/2024,25952658
1.70666E+12,1/31/2024,25647915
1.70675E+12,2/1/2024,28133637
1.70683E+12,2/2/2024,21187803
1.70692E+12,2/3/2024,21809334
1.707E+12,2/4/2024,38347698
1.70709E+12,2/5/2024,47906435
1.70718E+12,2/6/2024,39585623
1.70726E+12,2/7/2024,49499200
1.70735E+12,2/8/2024,47031698
1.70744E+12,2/9/2024,48460054
1.70752E+12,2/10/2024,35231442
1.70761E+12,2/11/2024,25675592
1.7077E+12,2/12/2024,34880841
1.70778E+12,2/13/2024,39040547
1.70787E+12,2/14/2024,31258761
1.70796E+12,2/15/2024,40048175
1.70804E+12,2/16/2024,34923158
1.70813E+12,2/17/2024,30791292
1.70821E+12,2/18/2024,29394257
1.7083E+12,2/19/2024,36522595
1.70839E+12,2/20/2024,54755814
1.70847E+12,2/21/2024,42458205
1.70856E+12,2/22/2024,43798848
1.70865E+12,2/23/2024,31518470
1.70873E+12,2/24/2024,30302344
1.70882E+12,2/25/2024,38312781
1.70891E+12,2/26/2024,46999850
1.70899E+12,2/27/2024,87802887
1.70908E+12,2/28/2024,105376240
1.70916E+12,2/29/2024,97582505
1.70925E+12,3/1/2024,100863455
1.70934E+12,3/2/2024,69219198
1.70942E+12,3/3/2024,67246909
1.70951E+12,3/4/2024,93668664
1.7096E+12,3/5/2024,167452781
1.70968E+12,3/6/2024,176726780
1.70977E+12,3/7/2024,268030012
1.70986E+12,3/8/2024,92847655
1.70994E+12,3/9/2024,80327779
1.71003E+12,3/10/2024,80350236
1.71012E+12,3/11/2024,104887967
1.7102E+12,3/12/2024,115476870
1.71029E+12,3/13/2024,160165165
1.71037E+12,3/14/2024,172327036
1.71046E+12,3/15/2024,210068758
1.71055E+12,3/16/2024,213057680
1.71063E+12,3/17/2024,188132191
1.71072E+12,3/18/2024,197509447
1.71081E+12,3/19/2024,263513704
1.71089E+12,3/20/2024,452009457
1.71098E+12,3/21/2024,363979463
1.71107E+12,3/22/2024,311979325
1.71115E+12,3/23/2024,322112477
1.71124E+12,3/24/2024,336626732
1.71132E+12,3/25/2024,481574311
1.71141E+12,3/26/2024,622974706
1.7115E+12,3/27/2024,604683530
1.71158E+12,3/28/2024,493151314
1.71167E+12,3/29/2024,629778063
1.71176E+12,3/30/2024,707592891
1.71184E+12,3/31/2024,674475537
1.71193E+12,4/1/2024,651392569
1.71202E+12,4/2/2024,595558900
1.7121E+12,4/3/2024,542367074
1.71219E+12,4/4/2024,443904028
1.71228E+12,4/5/2024,400080726
1.71236E+12,4/6/2024,372890705
1.71245E+12,4/7/2024,430749882
1.71253E+12,4/8/2024,554790420
1.71262E+12,4/9/2024,522111807
1.71271E+12,4/10/2024,448619950
1.71279E+12,4/11/2024,509741574
1.71288E+12,4/12/2024,516416262
1.71297E+12,4/13/2024,616168944
1.71305E+12,4/14/2024,414556063
1.71314E+12,4/15/2024,361456727
1.71323E+12,4/16/2024,374139159
1.71331E+12,4/17/2024,337522790
1.7134E+12,4/18/2024,380081863
1.71348E+12,4/19/2024,407802941
1.71357E+12,4/20/2024,243290039
1.71366E+12,4/21/2024,270221386
1.71374E+12,4/22/2024,253165230
1.71383E+12,4/23/2024,279582681
1.71392E+12,4/24/2024,323913981
1.714E+12,4/25/2024,390158231
1.71409E+12,4/26/2024,362334161
1.71418E+12,4/27/2024,485059630
1.71426E+12,4/28/2024,381693141
1.71435E+12,4/29/2024,379848434
1.71444E+12,4/30/2024,458889964
1.71452E+12,5/1/2024,443372140
1.71461E+12,5/2/2024,342327813
1.71469E+12,5/3/2024,379480328
1.71478E+12,5/4/2024,346068858
1.71487E+12,5/5/2024,251312538
1.71495E+12,5/6/2024,313672031
1.71504E+12,5/7/2024,341641845
1.71513E+12,5/8/2024,384773945
1.71521E+12,5/9/2024,322086761
1.7153E+12,5/10/2024,325918106
1.71539E+12,5/11/2024,235839690
1.71547E+12,5/12/2024,216670710
1.71556E+12,5/13/2024,346337201
1.71564E+12,5/14/2024,311989264
1.71573E+12,5/15/2024,355782753
1.71582E+12,5/16/2024,300406429
1.7159E+12,5/17/2024,373309421
1.71599E+12,5/18/2024,193869945
1.71608E+12,5/19/2024,198666183
1.71616E+12,5/20/2024,441325360
1.71625E+12,5/21/2024,507591461
1.71634E+12,5/22/2024,488519519
1.71642E+12,5/23/2024,783010002
1.71651E+12,5/24/2024,635039528
1.7166E+12,5/25/2024,365969512
1.71668E+12,5/26/2024,330049216
1.71677E+12,5/27/2024,420470006
1.71685E+12,5/28/2024,471894688
1.71694E+12,5/29/2024,604663530
1.71703E+12,5/30/2024,544912300
1.71711E+12,5/31/2024,524421568
1.7172E+12,6/1/2024,374483107
1.71729E+12,6/2/2024,319376776
1.71737E+12,6/3/2024,420902133
1.71746E+12,6/4/2024,423675816
1.71755E+12,6/5/2024,295496857
1.71763E+12,6/6/2024,479473959
1.71772E+12,6/7/2024,618594781
1.7178E+12,6/8/2024,416151020
1.71789E+12,6/9/2024,389599761
1.71798E+12,6/10/2024,473122048
1.71806E+12,6/11/2024,671553311
1.71815E+12,6/12/2024,728878803
1.71824E+12,6/13/2024,623324113
1.71832E+12,6/14/2024,612649884
1.71841E+12,6/15/2024,533415060
1.7185E+12,6/16/2024,404758087
1.71858E+12,6/17/2024,461916477
1.71867E+12,6/18/2024,602751491
1.71876E+12,6/19/2024,589875387
1.71884E+12,6/20/2024,556431024
1.71893E+12,6/21/2024,484582025
1.71901E+12,6/22/2024,439421233
1.7191E+12,6/23/2024,226978808
1.71919E+12,6/24/2024,479952418
1.71927E+12,6/25/2024,550456698
1.71936E+12,6/26/2024,477968191
1.71945E+12,6/27/2024,386388527
1.71953E+12,6/28/2024,377215053
1.71962E+12,6/29/2024,328778169
1.71971E+12,6/30/2024,279474932
1.71979E+12,7/1/2024,368790432
1.71988E+12,7/2/2024,371934975
1.71996E+12,7/3/2024,332601483
1.72005E+12,7/4/2024,430995061
1.72014E+12,7/5/2024,552027177
1.72022E+12,7/6/2024,428554178
1.72031E+12,7/7/2024,324281745
1.7204E+12,7/8/2024,452470189
1.72048E+12,7/9/2024,454932713
1.72057E+12,7/10/2024,437983327
1.72066E+12,7/11/2024,425892447
1.72074E+12,7/12/2024,366727516
1.72083E+12,7/13/2024,281411860
1.72092E+12,7/14/2024,282531501
1.721E+12,7/15/2024,394438211
1.72109E+12,7/16/2024,531897964
1.72117E+12,7/17/2024,511058659
1.72126E+12,7/18/2024,478552607
1.72135E+12,7/19/2024,538279779
1.72143E+12,7/20/2024,382451075
1.72152E+12,7/21/2024,458578487
1.72161E+12,7/22/2024,524932476
1.72169E+12,7/23/2024,640462840
1.72178E+12,7/24/2024,386455598
1.72187E+12,7/25/2024,607485693
1.72195E+12,7/26/2024,415852491
1.72204E+12,7/27/2024,407310213
1.72212E+12,7/28/2024,321689186
1.72221E+12,7/29/2024,505828837
1.7223E+12,7/30/2024,455961463
1.72238E+12,7/31/2024,463403546
1.72247E+12,8/1/2024,592754973
1.72256E+12,8/2/2024,675647941
1.72264E+12,8/3/2024,487409974
1.72273E+12,8/4/2024,470186278
1.72282E+12,8/5/2024,1179048531
1.7229E+12,8/6/2024,604317331
1.72299E+12,8/7/2024,592655052
1.72308E+12,8/8/2024,529715908
1.72316E+12,8/9/2024,461248710
1.72325E+12,8/10/2024,292687980
1.72333E+12,8/11/2024,390742030
1.72342E+12,8/12/2024,658555404
1.72351E+12,8/13/2024,494097895
1.72359E+12,8/14/2024,431092330
1.72368E+12,8/15/2024,469371437
1.72377E+12,8/16/2024,427494432
1.72385E+12,8/17/2024,190917850
1.72394E+12,8/18/2024,244688014
1.72403E+12,8/19/2024,354927209
1.72411E+12,8/20/2024,422144740
1.7242E+12,8/21/2024,447642289
1.72428E+12,8/22/2024,352458998
1.72437E+12,8/23/2024,433881595
1.72446E+12,8/24/2024,343997354
1.72454E+12,8/25/2024,314587045
1.72463E+12,8/26/2024,419769523
1.72472E+12,8/27/2024,472891416
1.7248E+12,8/28/2024,576114871
1.72489E+12,8/29/2024,432377823
1.72498E+12,8/30/2024,505044352
1.72506E+12,8/31/2024,177557289
1.72515E+12,9/1/2024,367984407
1.72524E+12,9/2/2024,380739143
1.72532E+12,9/3/2024,351372198
1.72541E+12,9/4/2024,503700804
1.72549E+12,9/5/2024,409583607
1.72558E+12,9/6/2024,505915438
1.72567E+12,9/7/2024,277704352
1.72575E+12,9/8/2024,294158061
1.72584E+12,9/9/2024,437740049
1.72593E+12,9/10/2024,352808275
1.72601E+12,9/11/2024,420239530
1.7261E+12,9/12/2024,363156034
1.72619E+12,9/13/2024,360818154
1.72627E+12,9/14/2024,196161246
1.72636E+12,9/15/2024,225218937
1.72644E+12,9/16/2024,399222556
1.72653E+12,9/17/2024,404230793
1.72662E+12,9/18/2024,383974626
1.7267E+12,9/19/2024,516049029
1.72679E+12,9/20/2024,517169193
1.72688E+12,9/21/2024,481450281
1.72696E+12,9/22/2024,294598977
1.72705E+12,9/23/2024,410314760
1.72714E+12,9/24/2024,583227053
1.72722E+12,9/25/2024,467756910
1.72731E+12,9/26/2024,560739527
1.7274E+12,9/27/2024,593521106
1.72748E+12,9/28/2024,327666022
1.72757E+12,9/29/2024,318241587
1.72765E+12,9/30/2024,631896920
1.72774E+12,10/1/2024,695551580
1.72783E+12,10/2/2024,736264829
1.72791E+12,10/3/2024,690013710
1.728E+12,10/4/2024,596770238
1.72809E+12,10/5/2024,272347058
1.72817E+12,10/6/2024,291232871
1.72826E+12,10/7/2024,683909040
1.72835E+12,10/8/2024,674558531
1.72843E+12,10/9/2024,656938359
1.72852E+12,10/10/2024,765556663
1.7286E+12,10/11/2024,589273541
1.72869E+12,10/12/2024,419486842
1.72878E+12,10/13/2024,454718552
1.72886E+12,10/14/2024,885663499
1.72895E+12,10/15/2024,979214651
1.72904E+12,10/16/2024,797245172
1.72912E+12,10/17/2024,757485906
1.72921E+12,10/18/2024,685550247
1.7293E+12,10/19/2024,334903253
1.72938E+12,10/20/2024,599910954
1.72947E+12,10/21/2024,881002994
1.72956E+12,10/22/2024,843995350
1.72964E+12,10/23/2024,863246454
1.72973E+12,10/24/2024,845686951
1.72981E+12,10/25/2024,1032129758
1.7299E+12,10/26/2024,837173230
1.72999E+12,10/27/2024,566952727
1.73007E+12,10/28/2024,1113708039
1.73016E+12,10/29/2024,1041055012
1.73025E+12,10/30/2024,1142146683
1.73033E+12,10/31/2024,924930850
1.73042E+12,11/1/2024,979727418
1.73051E+12,11/2/2024,513784179
1.73059E+12,11/3/2024,806694215
1.73068E+12,11/4/2024,798757240
1.73076E+12,11/5/2024,856519956
1.73085E+12,11/6/2024,1558485257
1.73094E+12,11/7/2024,1378382984
1.73102E+12,11/8/2024,1199035841
1.73111E+12,11/9/2024,1109571456
1.7312E+12,11/10/2024,464901169
1.73128E+12,11/11/2024,1532279015
1.73137E+12,11/12/2024,647291667
1.73146E+12,11/13/2024,2007292950
1.73154E+12,11/14/2024,1792405424
1.73163E+12,11/15/2024,1450970393
1.73172E+12,11/16/2024,1089924036
1.7318E+12,11/17/2024,1124552949
1.73189E+12,11/18/2024,1187140140
1.73197E+12,11/19/2024,1413393602
1.73206E+12,11/20/2024,1189198765
1.73215E+12,11/21/2024,1449052343
1.73223E+12,11/22/2024,1411320032
1.73232E+12,11/23/2024,1225661433
1.73241E+12,11/24/2024,1102312379
1.73249E+12,11/25/2024,1665848275
1.73258E+12,11/26/2024,1806111783
1.73267E+12,11/27/2024,697131302
1.73275E+12,11/28/2024,1772789611
1.73284E+12,11/29/2024,680947622
1.73292E+12,11/30/2024,689909688
1.73301E+12,12/1/2024,1423931919
1.7331E+12,12/2/2024,1465604928
1.73318E+12,12/3/2024,728589421
1.73327E+12,12/4/2024,861900611
1.73336E+12,12/5/2024,2298208411
1.73344E+12,12/6/2024,1954849536
1.73353E+12,12/7/2024,1064625006
1.73362E+12,12/8/2024,929410898
1.7337E+12,12/9/2024,1919017751
1.73379E+12,12/10/2024,2380670748
1.73388E+12,12/11/2024,1702454346
1.73396E+12,12/12/2024,2003972698
1.73405E+12,12/13/2024,1709374331
1.73413E+12,12/14/2024,1278448168
1.73422E+12,12/15/2024,1176116297
1.73431E+12,12/16/2024,2006856710
1.73439E+12,12/17/2024,1680672519
1.73448E+12,12/18/2024,2034525214
1.73457E+12,12/19/2024,2110836344
1.73465E+12,12/20/2024,1595883684
1.73474E+12,12/21/2024,1676151747
1.73483E+12,12/22/2024,1360540388
1.73491E+12,12/23/2024,1912770514
1.735E+12,12/24/2024,1537863080
1.73508E+12,12/25/2024,1204384423
1.73517E+12,12/26/2024,1390636369
1.73526E+12,12/27/2024,1553743785
1.73534E+12,12/28/2024,1061391135
1.73543E+12,12/29/2024,1042377518
1.73552E+12,12/30/2024,1612356674
1.7356E+12,12/31/2024,1650949899
1.73569E+12,1/1/2025,1235232564
1.73578E+12,1/2/2025,2156824730
1.73586E+12,1/3/2025,1694223487
1.73595E+12,1/4/2025,1334085759
1.73604E+12,1/5/2025,1110401401
1.73612E+12,1/6/2025,1724777733
1.73621E+12,1/7/2025,1709006137
1.73629E+12,1/8/2025,2101503209
1.73638E+12,1/9/2025,1901970777
1.73647E+12,1/10/2025,1998707229
1.73655E+12,1/11/2025,989194940
1.73664E+12,1/12/2025,867275679
1.73673E+12,1/13/2025,1892309507
1.73681E+12,1/14/2025,1527436280
1.7369E+12,1/15/2025,1883357068
1.73699E+12,1/16/2025,1737673128
1.73707E+12,1/17/2025,1851145621
1.73716E+12,1/18/2025,1939431649
1.73724E+12,1/19/2025,2680039950
1.73733E+12,1/20/2025,2008170585
1.73742E+12,1/21/2025,1760839879
1.7375E+12,1/22/2025,896676033
1.73759E+12,1/23/2025,1945158828
1.73768E+12,1/24/2025,1605069974
1.73776E+12,1/25/2025,1110023401
1.73785E+12,1/26/2025,1125315437
1.73794E+12,1/27/2025,1490298866
1.73802E+12,1/28/2025,1668033895
1.73811E+12,1/29/2025,1300707271
1.7382E+12,1/30/2025,1217634649
1.73828E+12,1/31/2025,1544988247
1.73837E+12,2/1/2025,1163690976
1.73845E+12,2/2/2025,1479964641
1.73854E+12,2/3/2025,2119313051
1.73863E+12,2/4/2025,1500638488
1.73871E+12,2/5/2025,1329591131
1.7388E+12,2/6/2025,1234320799
1.73889E+12,2/7/2025,1125815525
1.73897E+12,2/8/2025,1000358211
1.73906E+12,2/9/2025,732512226
1.73915E+12,2/10/2025,954310209
1.73923E+12,2/11/2025,939012096
1.73932E+12,2/12/2025,1072341739
1.7394E+12,2/13/2025,1104909481
1.73949E+12,2/14/2025,949480137
1.73958E+12,2/15/2025,787121173
1.73966E+12,2/16/2025,518476249
1.73975E+12,2/17/2025,750133496
1.73984E+12,2/18/2025,1009200867
1.73992E+12,2/19/2025,996726968
1.74001E+12,2/20/2025,898701497
1.7401E+12,2/21/2025,1075037462
1.74018E+12,2/22/2025,608582369
1.74027E+12,2/23/2025,790706770
1.74036E+12,2/24/2025,1142470373
1.74044E+12,2/25/2025,1375538972
1.74053E+12,2/26/2025,1042512163
1.74061E+12,2/27/2025,855719834
1.7407E+12,2/28/2025,1045094778
1.74079E+12,3/1/2025,630055643
1.74087E+12,3/2/2025,1296317836
1.74096E+12,3/3/2025,1040842918
1.74105E+12,3/4/2025,649740663
1.74113E+12,3/5/2025,812788397
1.74122E+12,3/6/2025,829908530
1.74131E+12,3/7/2025,681772252
1.74139E+12,3/8/2025,911773090
1.74148E+12,3/9/2025,798466714
1.74156E+12,3/10/2025,752296084
1.74165E+12,3/11/2025,777656846
1.74174E+12,3/12/2025,423379342
1.74182E+12,3/13/2025,340328430
1.74191E+12,3/14/2025,306884117
1.742E+12,3/15/2025,210530336
1.74208E+12,3/16/2025,257120796
1.74217E+12,3/17/2025,286923074
1.74226E+12,3/18/2025,292733695
1.74234E+12,3/19/2025,372829035
1.74243E+12,3/20/2025,327439056
1.74252E+12,3/21/2025,275419512
1.7426E+12,3/22/2025,177165095
1.74269E+12,3/23/2025,218937679
1.74277E+12,3/24/2025,321806444
1.74286E+12,3/25/2025,334095344
1.74295E+12,3/26/2025,332893172
1.74303E+12,3/27/2025,236446677
1.74312E+12,3/28/2025,466920314
1.74321E+12,3/29/2025,368706531
1.74329E+12,3/30/2025,311843820
1.74338E+12,3/31/2025,461292256
1.74347E+12,4/1/2025,451564029
1.74355E+12,4/2/2025,888771626
1.74364E+12,4/3/2025,751886228
1.74372E+12,4/4/2025,668020362
1.74381E+12,4/5/2025,265898045
1.7439E+12,4/6/2025,531478283
1.74398E+12,4/7/2025,971162121
1.74407E+12,4/8/2025,605769187
1.74416E+12,4/9/2025,928769865
1.74424E+12,4/10/2025,613434323
1.74433E+12,4/11/2025,595731472
1.74442E+12,4/12/2025,524367980
1.7445E+12,4/13/2025,640680798
1.74459E+12,4/14/2025,696945894
1.74468E+12,4/15/2025,548513716
1.74476E+12,4/16/2025,657131319
1.74485E+12,4/17/2025,530771068
1.74493E+12,4/18/2025,276830921
1.74502E+12,4/19/2025,249695678
1.74511E+12,4/20/2025,263794455
1.74519E+12,4/21/2025,546472942
1.74528E+12,4/22/2025,831395527
1.74537E+12,4/23/2025,901110543
1.74545E+12,4/24/2025,661291069
1.74554E+12,4/25/2025,789572063
1.74563E+12,4/26/2025,672723126
1.74571E+12,4/27/2025,495128072
1.7458E+12,4/28/2025,810415443
1.74588E+12,4/29/2025,746312954
1.74597E+12,4/30/2025,561204896
1.74606E+12,5/1/2025,570846548
1.74614E+12,5/2/2025,610354886
1.74623E+12,5/3/2025,375996645
1.74632E+12,5/4/2025,448232327
1.7464E+12,5/5/2025,555803226
1.74649E+12,5/6/2025,640032982
1.74658E+12,5/7/2025,744954521
1.74666E+12,5/8/2025,1151310801
1.74675E+12,5/9/2025,1479459669
1.74684E+12,5/10/2025,1174294849
1.74692E+12,5/11/2025,1064728566
1.74701E+12,5/12/2025,1428864568
1.74709E+12,5/13/2025,1400554306
1.74718E+12,5/14/2025,1146107245
1.74727E+12,5/15/2025,1125169405
1.74735E+12,5/16/2025,889783737
1.74744E+12,5/17/2025,742225913
1.74753E+12,5/18/2025,1002241383
1.74761E+12,5/19/2025,1195661907
1.7477E+12,5/20/2025,1088675633
1.74779E+12,5/21/2025,1381540122
1.74787E+12,5/22/2025,1212905033
1.74796E+12,5/23/2025,1311565969
1.74804E+12,5/24/2025,561455360
1.74813E+12,5/25/2025,669743332
1.74822E+12,5/26/2025,695700594
1.7483E+12,5/27/2025,919771868
1.74839E+12,5/28/2025,758804699
1.74848E+12,5/29/2025,1004212873
1.74856E+12,5/30/2025,999244716
1.74865E+12,5/31/2025,636174424
1.74874E+12,6/1/2025,595930443
1.74882E+12,6/2/2025,770193183
1.74891E+12,6/3/2025,792074343
1.749E+12,6/4/2025,722973425
1.74908E+12,6/5/2025,964967812
1.74917E+12,6/6/2025,744145347
1.74925E+12,6/7/2025,500689357
1.74934E+12,6/8/2025,520473507
1.74943E+12,6/9/2025,1016073047
1.74951E+12,6/10/2025,1237054746
1.7496E+12,6/11/2025,1150347332
1.74969E+12,6/12/2025,1139634447
1.74977E+12,6/13/2025,1449704514
1.74986E+12,6/14/2025,674226902
1.74995E+12,6/15/2025,611883650
1.75003E+12,6/16/2025,1084714864
1.75012E+12,6/17/2025,1060474123
1.7502E+12,6/18/2025,970453134
1.75029E+12,6/19/2025,647766711
1.75038E+12,6/20/2025,834693830
1.75046E+12,6/21/2025,726210170
1.75055E+12,6/22/2025,1079670680
1.75064E+12,6/23/2025,1137844138
1.75072E+12,6/24/2025,961449570
1.75081E+12,6/25/2025,752946781
1.7509E+12,6/26/2025,787773725
1.75098E+12,6/27/2025,605060545
1.75107E+12,6/28/2025,285115560
1.75116E+12,6/29/2025,447207643
1.75124E+12,6/30/2025,733648903
1.75133E+12,7/1/2025,636527800
1.75141E+12,7/2/2025,904958097
1.7515E+12,7/3/2025,837772872
1.75159E+12,7/4/2025,692281248
1.75167E+12,7/5/2025,435012870
1.75176E+12,7/6/2025,570552174
1.75185E+12,7/7/2025,749179818
1.75193E+12,7/8/2025,736405656
1.75202E+12,7/9/2025,936121892
1.75211E+12,7/10/2025,1325056056
1.75219E+12,7/11/2025,1471679458
1.75228E+12,7/12/2025,766490008
1.75236E+12,7/13/2025,843871567
1.75245E+12,7/14/2025,1490302312
1.75254E+12,7/15/2025,1639815906
1.75262E+12,7/16/2025,1492110667
1.75271E+12,7/17/2025,1724491503
1.7528E+12,7/18/2025,1688064305
1.75288E+12,7/19/2025,878032635
1.75297E+12,7/20/2025,1202180281
1.75306E+12,7/21/2025,1469589600
1.75314E+12,7/22/2025,1563145120
1.75323E+12,7/23/2025,1526701980
1.75332E+12,7/24/2025,1632227739
1.7534E+12,7/25/2025,1659174805
1.75349E+12,7/26/2025,953955414
1.75357E+12,7/27/2025,1206809871
1.75366E+12,7/28/2025,1452702492
1.75375E+12,7/29/2025,1537724942
1.75383E+12,7/30/2025,1546126903
1.75392E+12,7/31/2025,1378892703
1.75401E+12,8/1/2025,1726245905
1.75409E+12,8/2/2025,1166038085
1.75418E+12,8/3/2025,889263636
1.75427E+12,8/4/2025,1289737106
1.75435E+12,8/5/2025,1303261538
1.75444E+12,8/6/2025,1264914637
1.75452E+12,8/7/2025,1384938008
1.75461E+12,8/8/2025,1472059320
1.7547E+12,8/9/2025,1470880763
1.75478E+12,8/10/2025,1442835137
1.75487E+12,8/11/2025,1935345885
1.75496E+12,8/12/2025,1746478440
1.75504E+12,8/13/2025,1782656087
1.75513E+12,8/14/2025,2229907233
1.75522E+12,8/15/2025,1658707561
1.7553E+12,8/16/2025,1013943491
1.75539E+12,8/17/2025,1127748749
1.75548E+12,8/18/2025,1906499588
1.75556E+12,8/19/2025,1625638495
1.75565E+12,8/20/2025,1696490541
1.75573E+12,8/21/2025,1447571902
1.75582E+12,8/22/2025,2526499630
1.75591E+12,8/23/2025,1259391724
1.75599E+12,8/24/2025,1750514615
1.75608E+12,8/25/2025,2101252750
1.75617E+12,8/26/2025,1872564095
1.75625E+12,8/27/2025,1825853715
1.75634E+12,8/28/2025,1372532332
1.75643E+12,8/29/2025,1564243217
1.75651E+12,8/30/2025,924021785
1.7566E+12,8/31/2025,873211012
1.75668E+12,9/1/2025,1373004887
1.75677E+12,9/2/2025,1420943134
1.75686E+12,9/3/2025,1142969185
1.75694E+12,9/4/2025,1214481437
1.75703E+12,9/5/2025,1503769707
1.75712E+12,9/6/2025,788466101
1.7572E+12,9/7/2025,745037846
1.75729E+12,9/8/2025,1326771383
1.75738E+12,9/9/2025,1314311473
1.75746E+12,9/10/2025,1340137453
1.75755E+12,9/11/2025,1437911832
1.75764E+12,9/12/2025,1380776031
1.75772E+12,9/13/2025,1313492410
1.75781E+12,9/14/2025,1173968730
1.75789E+12,9/15/2025,1732376250
1.75798E+12,9/16/2025,1379552273
1.75807E+12,9/17/2025,1932180530
1.75815E+12,9/18/2025,1501178150
1.75824E+12,9/19/2025,1192803882
1.75833E+12,9/20/2025,794143674
1.75841E+12,9/21/2025,1010666079
1.7585E+12,9/22/2025,1628188486
1.75859E+12,9/23/2025,1383947923
1.75867E+12,9/24/2025,1298542721
1.75876E+12,9/25/2025,1915870438
1.75884E+12,9/26/2025,1466065688
1.75893E+12,9/27/2025,774385253
1.75902E+12,9/28/2025,945996261
1.7591E+12,9/29/2025,1178903140
1.75919E+12,9/30/2025,1284509119
1.75928E+12,10/1/2025,1371231949
1.75936E+12,10/2/2025,1532889061
1.75945E+12,10/3/2025,1725427342
1.75954E+12,10/4/2025,1104595951
1.75962E+12,10/5/2025,1727501761
1.75971E+12,10/6/2025,1745771933
1.7598E+12,10/7/2025,1946148317
1.75988E+12,10/8/2025,1673055837
1.75997E+12,10/9/2025,1775081726
1.76005E+12,10/10/2025,3022758806
1.76014E+12,10/11/2025,2095969276
1.76023E+12,10/12/2025,2199209623
1.76031E+12,10/13/2025,2272633318
1.7604E+12,10/14/2025,2502541982
1.76049E+12,10/15/2025,2188816642
1.76057E+12,10/16/2025,1812617798
1.76066E+12,10/17/2025,1635274068
1.76075E+12,10/18/2025,1026713085
1.76083E+12,10/19/2025,1180611713
1.76092E+12,10/20/2025,1309281888
1.761E+12,10/21/2025,1807451528
1.76109E+12,10/22/2025,1811646247
1.76118E+12,10/23/2025,1384606910
1.76126E+12,10/24/2025,1511909744
1.76135E+12,10/25/2025,1212472704
1.76144E+12,10/26/2025,1432614480
1.76152E+12,10/27/2025,1763855616
1.76161E+12,10/28/2025,1656778678
1.7617E+12,10/29/2025,1831015832
1.76178E+12,10/30/2025,1681332487
1.76187E+12,10/31/2025,1437354025
1.76196E+12,11/1/2025,1108143261
1.76204E+12,11/2/2025,910641879
1.76213E+12,11/3/2025,1494223073
1.76221E+12,11/4/2025,1940640632
1.7623E+12,11/5/2025,1006212012
1.76239E+12,11/6/2025,1189350698
1.76247E+12,11/7/2025,1420549507
1.76256E+12,11/8/2025,964606604
1.76265E+12,11/9/2025,1078177319
1.76273E+12,11/10/2025,1251188273
1.76282E+12,11/11/2025,1425947108
1.76291E+12,11/12/2025,1804607448
1.76299E+12,11/13/2025,1924272221
1.76308E+12,11/14/2025,1648460260
1.76316E+12,11/15/2025,906772804
1.76325E+12,11/16/2025,1363620677
1.76334E+12,11/17/2025,1597640222
1.76342E+12,11/18/2025,1413691176
1.76351E+12,11/19/2025,1344600970
1.7636E+12,11/20/2025,1432226045
1.76368E+12,11/21/2025,1722913196
1.76377E+12,11/22/2025,772024590
1.76386E+12,11/23/2025,773810133
1.76394E+12,11/24/2025,1121045738
1.76403E+12,11/25/2025,959385033
1.76412E+12,11/26/2025,939406679
1.7642E+12,11/27/2025,738331916
1.76429E+12,11/28/2025,856952194
1.76437E+12,11/29/2025,557835194
1.76446E+12,11/30/2025,587215697
1.76455E+12,12/1/2025,1264477180
1.76463E+12,12/2/2025,1142572593
1.76472E+12,12/3/2025,897085046
1.76481E+12,12/4/2025,1098816567
1.76489E+12,12/5/2025,1100737653
1.76498E+12,12/6/2025,748614039
1.76507E+12,12/7/2025,956270145
1.76515E+12,12/8/2025,1051162085
1.76524E+12,12/9/2025,1124855060
1.76532E+12,12/10/2025,1260102077
1.76541E+12,12/11/2025,1427173289
1.7655E+12,12/12/2025,896138250
1.76558E+12,12/13/2025,385664279
1.76567E+12,12/14/2025,656816121
1.76576E+12,12/15/2025,1344020110
1.76584E+12,12/16/2025,1009494735
1.76593E+12,12/17/2025,1051384475
1.76602E+12,12/18/2025,1076328634
1.7661E+12,12/19/2025,1070418655
1.76619E+12,12/20/2025,342546731
1.76628E+12,12/21/2025,536987333
1.76636E+12,12/22/2025,1028900977
1.76645E+12,12/23/2025,845001162
1.76653E+12,12/24/2025,592060019
1.76662E+12,12/25/2025,454261326
1.76671E+12,12/26/2025,659366638
1.76679E+12,12/27/2025,293719158
1.76688E+12,12/28/2025,354925819
1.76697E+12,12/29/2025,890774650
1.76705E+12,12/30/2025,675976632
1.76714E+12,12/31/2025,554805101
1.76723E+12,1/1/2026,296357343
1.76731E+12,1/2/2026,907781486
1.7674E+12,1/3/2026,500680422
1.76748E+12,1/4/2026,559361799
1.76757E+12,1/5/2026,982015632
1.76766E+12,1/6/2026,870288733
1.76774E+12,1/7/2026,881463334
1.76783E+12,1/8/2026,883265717
1.76792E+12,1/9/2026,857263636
1.768E+12,1/10/2026,444552842
1.76809E+12,1/11/2026,513939725
1.76818E+12,1/12/2026,1097938143
1.76826E+12,1/13/2026,1374571084
1.76835E+12,1/14/2026,1413166910
1.76844E+12,1/15/2026,1367824356
1.76852E+12,1/16/2026,789167117
1.76861E+12,1/17/2026,456614635
1.76869E+12,1/18/2026,618351807
1.76878E+12,1/19/2026,982009574
1.76887E+12,1/20/2026,1297117375
1.76895E+12,1/21/2026,1457911444
1.76904E+12,1/22/2026,1468070611
1.76913E+12,1/23/2026,1087201112
1.76921E+12,1/24/2026,839542415
1.7693E+12,1/25/2026,1117937484
1.76939E+12,1/26/2026,1107579306
1.76947E+12,1/27/2026,995328642
1.76956E+12,1/28/2026,1116167180
1.76964E+12,1/29/2026,1182898006
1.76973E+12,1/30/2026,1640616180
1.76982E+12,1/31/2026,1771854071
1.7699E+12,2/1/2026,1410606529
1.76999E+12,2/2/2026,1264902716
1.77008E+12,2/3/2026,729816693
1.77016E+12,2/4/2026,762149463
