chain,block_date,token_address,token_symbol,open,high,low,close
base,12/31/2025 0:00,0x4200000000000000000000000000000000000006,WETH,2965.56034,2999.061878,2965.56034,2971.3398
base,12/30/2025 0:00,0x4200000000000000000000000000000000000006,WETH,2934.381437,2983.851283,2930.093729,2968.934227
base,12/29/2025 0:00,0x4200000000000000000000000000000000000006,WETH,2957.186178,3041.20248,2924.500326,2935.835606
base,12/28/2025 0:00,0x4200000000000000000000000000000000000006,WETH,2948.359611,2952.048119,2932.345169,2946.783583
base,12/27/2025 0:00,0x4200000000000000000000000000000000000006,WETH,2927.249068,2940.6791,2923.334952,2940.6791
base,12/26/2025 0:00,0x4200000000000000000000000000000000000006,WETH,2902.633856,2976.662466,2902.633856,2929.012797
base,12/25/2025 0:00,0x4200000000000000000000000000000000000006,WETH,2944.832916,2958.962688,2911.769144,2911.769144
base,12/24/2025 0:00,0x4200000000000000000000000000000000000006,WETH,2962.884309,2968.489846,2916.033237,2952.020359
base,12/23/2025 0:00,0x4200000000000000000000000000000000000006,WETH,3014.996388,3023.525403,2919.927344,2961.440563
base,12/22/2025 0:00,0x4200000000000000000000000000000000000006,WETH,3019.817909,3055.423573,2976.538166,3006.952029
base,12/21/2025 0:00,0x4200000000000000000000000000000000000006,WETH,2979.070328,3002.376862,2961.77263,2999.695951
base,12/20/2025 0:00,0x4200000000000000000000000000000000000006,WETH,2976.862798,2988.066012,2976.06151,2977.273119
base,12/19/2025 0:00,0x4200000000000000000000000000000000000006,WETH,2826.365817,2988.871149,2823.870075,2984.563318
base,12/18/2025 0:00,0x4200000000000000000000000000000000000006,WETH,2832.22954,2958.60644,2795.072747,2828.414817
base,12/17/2025 0:00,0x4200000000000000000000000000000000000006,WETH,2952.996366,2979.321524,2808.862241,2827.267741
base,12/16/2025 0:00,0x4200000000000000000000000000000000000006,WETH,2965.888256,2965.888256,2919.786971,2955.317992
base,12/15/2025 0:00,0x4200000000000000000000000000000000000006,WETH,3066.800666,3158.204052,2929.058057,2958.368551
base,12/14/2025 0:00,0x4200000000000000000000000000000000000006,WETH,3115.327195,3123.574687,3064.821126,3064.821126
base,12/13/2025 0:00,0x4200000000000000000000000000000000000006,WETH,3088.823071,3125.998085,3087.69303,3114.871302
base,12/12/2025 0:00,0x4200000000000000000000000000000000000006,WETH,3233.52778,3255.734928,3068.612809,3091.90323
base,12/11/2025 0:00,0x4200000000000000000000000000000000000006,WETH,3299.065417,3299.065417,3172.632617,3237.91353
base,12/10/2025 0:00,0x4200000000000000000000000000000000000006,WETH,3318.305412,3400.925866,3303.0369,3339.435815
base,12/9/2025 0:00,0x4200000000000000000000000000000000000006,WETH,3127.885277,3375.241034,3106.647576,3327.656137
base,12/8/2025 0:00,0x4200000000000000000000000000000000000006,WETH,3060.182715,3159.032491,3060.182715,3126.838809
base,12/7/2025 0:00,0x4200000000000000000000000000000000000006,WETH,3042.350251,3139.404682,2970.117046,3042.259546
base,11/11/2025 0:00,0x4200000000000000000000000000000000000006,WETH,3566.283931,3618.906538,3423.7603,3424.495735
base,11/10/2025 0:00,0x4200000000000000000000000000000000000006,WETH,3600.372303,3637.231187,3524.213222,3573.207839
base,11/9/2025 0:00,0x4200000000000000000000000000000000000006,WETH,3389.18995,3584.173936,3371.027755,3584.173936
base,11/8/2025 0:00,0x4200000000000000000000000000000000000006,WETH,3429.498348,3460.90772,3374.417702,3409.968323
base,11/7/2025 0:00,0x4200000000000000000000000000000000000006,WETH,3316.19626,3460.262886,3228.448234,3441.540558
base,11/6/2025 0:00,0x4200000000000000000000000000000000000006,WETH,3407.472133,3440.298441,3289.420408,3305.441685
base,11/5/2025 0:00,0x4200000000000000000000000000000000000006,WETH,3266.872471,3462.011636,3201.865191,3427.776081
base,11/4/2025 0:00,0x4200000000000000000000000000000000000006,WETH,3601.896866,3638.959009,3146.077361,3268.612551
base,11/3/2025 0:00,0x4200000000000000000000000000000000000006,WETH,3897.794407,3897.794407,3589.753587,3589.753587
base,11/2/2025 0:00,0x4200000000000000000000000000000000000006,WETH,3872.194945,3902.354637,3855.016959,3877.350757
base,11/1/2025 0:00,0x4200000000000000000000000000000000000006,WETH,3844.945558,3894.997066,3844.945558,3876.302274
base,10/31/2025 0:00,0x4200000000000000000000000000000000000006,WETH,3813.146798,3883.395708,3813.146798,3857.024098
base,10/30/2025 0:00,0x4200000000000000000000000000000000000006,WETH,3909.749694,3941.696921,3717.54374,3785.629317
base,10/29/2025 0:00,0x4200000000000000000000000000000000000006,WETH,3984.94687,4028.402092,3913.947668,3913.947668
base,10/28/2025 0:00,0x4200000000000000000000000000000000000006,WETH,4121.475339,4140.872419,3973.458116,3989.535514
base,10/27/2025 0:00,0x4200000000000000000000000000000000000006,WETH,4166.962939,4231.765969,4119.252313,4119.252313
base,10/26/2025 0:00,0x4200000000000000000000000000000000000006,WETH,3954.8228,4161.805978,3931.310161,4161.805978
base,10/25/2025 0:00,0x4200000000000000000000000000000000000006,WETH,3926.167562,3958.87189,3924.390902,3958.588542
base,10/24/2025 0:00,0x4200000000000000000000000000000000000006,WETH,3858.938081,3974.580772,3858.938081,3932.707605
base,10/23/2025 0:00,0x4200000000000000000000000000000000000006,WETH,3809.438049,3902.761026,3809.438049,3853.425964
base,10/22/2025 0:00,0x4200000000000000000000000000000000000006,WETH,3864.338696,3871.345866,3749.770003,3785.096333
base,10/21/2025 0:00,0x4200000000000000000000000000000000000006,WETH,3977.983411,4090.470155,3861.282955,3890.364666
base,10/20/2025 0:00,0x4200000000000000000000000000000000000006,WETH,3946.244505,4074.584838,3943.68747,3986.042336
base,10/19/2025 0:00,0x4200000000000000000000000000000000000006,WETH,3884.844859,4010.180505,3870.551045,3998.71128
base,10/18/2025 0:00,0x4200000000000000000000000000000000000006,WETH,3836.736642,3897.580208,3836.736642,3890.387469
base,10/17/2025 0:00,0x4200000000000000000000000000000000000006,WETH,3907.983396,3929.67214,3708.894361,3847.141096
base,10/16/2025 0:00,0x4200000000000000000000000000000000000006,WETH,3988.235087,4056.429836,3859.08788,3884.4639
base,10/15/2025 0:00,0x4200000000000000000000000000000000000006,WETH,4116.835185,4167.561868,3963.996138,3976.351656
base,10/14/2025 0:00,0x4200000000000000000000000000000000000006,WETH,4250.40298,4250.40298,3943.002193,4135.582177
base,10/13/2025 0:00,0x4200000000000000000000000000000000000006,WETH,4148.60635,4276.173704,4101.971961,4258.437808
base,10/12/2025 0:00,0x4200000000000000000000000000000000000006,WETH,3737.067196,4148.555174,3724.402709,4139.15946
base,10/11/2025 0:00,0x4200000000000000000000000000000000000006,WETH,3850.782945,3850.782945,3702.530313,3750.815567
base,10/10/2025 0:00,0x4200000000000000000000000000000000000006,WETH,4375.30227,4385.127083,3748.754457,3866.928335
base,10/9/2025 0:00,0x4200000000000000000000000000000000000006,WETH,4522.2743,4522.2743,4307.228067,4370.792992
base,10/8/2025 0:00,0x4200000000000000000000000000000000000006,WETH,4461.988712,4533.372916,4443.880969,4524.953704
base,10/7/2025 0:00,0x4200000000000000000000000000000000000006,WETH,4684.445736,4725.857953,4472.635444,4476.682264
base,10/6/2025 0:00,0x4200000000000000000000000000000000000006,WETH,4517.218526,4708.794098,4517.218526,4696.333395
base,10/5/2025 0:00,0x4200000000000000000000000000000000000006,WETH,4487.094812,4599.716274,4481.416784,4517.759411
base,10/4/2025 0:00,0x4200000000000000000000000000000000000006,WETH,4509.237133,4511.344356,4458.848018,4489.004766
base,10/3/2025 0:00,0x4200000000000000000000000000000000000006,WETH,4474.714687,4551.929764,4453.785419,4522.199243
base,10/2/2025 0:00,0x4200000000000000000000000000000000000006,WETH,4356.395071,4502.028625,4356.395071,4474.174984
base,10/1/2025 0:00,0x4200000000000000000000000000000000000006,WETH,4138.220399,4335.771697,4137.481529,4330.186435
base,9/30/2025 0:00,0x4200000000000000000000000000000000000006,WETH,4213.961924,4213.961924,4105.597371,4136.922959
base,9/29/2025 0:00,0x4200000000000000000000000000000000000006,WETH,4137.282345,4224.861141,4103.472286,4221.854182
base,9/28/2025 0:00,0x4200000000000000000000000000000000000006,WETH,4023.026906,4134.043868,3989.767645,4134.043868
base,9/27/2025 0:00,0x4200000000000000000000000000000000000006,WETH,4029.026458,4029.026458,3987.330543,4024.359673
base,9/26/2025 0:00,0x4200000000000000000000000000000000000006,WETH,3891.543571,4052.090767,3891.543571,4028.64225
base,9/25/2025 0:00,0x4200000000000000000000000000000000000006,WETH,4148.946294,4148.946294,3874.431775,3885.563027
base,9/24/2025 0:00,0x4200000000000000000000000000000000000006,WETH,4176.598408,4192.243376,4130.049388,4157.743727
base,9/23/2025 0:00,0x4200000000000000000000000000000000000006,WETH,4204.834903,4210.569639,4156.125298,4174.790489
base,9/22/2025 0:00,0x4200000000000000000000000000000000000006,WETH,4411.304173,4411.304173,4152.8647,4202.548401
base,9/21/2025 0:00,0x4200000000000000000000000000000000000006,WETH,4484.775127,4491.791058,4457.084412,4457.084412
base,9/20/2025 0:00,0x4200000000000000000000000000000000000006,WETH,4471.273372,4501.837153,4465.20238,4488.948245
base,9/19/2025 0:00,0x4200000000000000000000000000000000000006,WETH,4599.250833,4607.75728,4457.342216,4463.140979
base,9/18/2025 0:00,0x4200000000000000000000000000000000000006,WETH,4599.4698,4627.348042,4574.229048,4583.434874
base,9/17/2025 0:00,0x4200000000000000000000000000000000000006,WETH,4509.294945,4599.525062,4485.093973,4599.525062
base,9/16/2025 0:00,0x4200000000000000000000000000000000000006,WETH,4517.993804,4526.878265,4448.340963,4513.696232
base,9/15/2025 0:00,0x4200000000000000000000000000000000000006,WETH,4606.68321,4655.167311,4496.432989,4522.124533
base,9/14/2025 0:00,0x4200000000000000000000000000000000000006,WETH,4667.393198,4676.287378,4590.608736,4613.911798
base,9/13/2025 0:00,0x4200000000000000000000000000000000000006,WETH,4702.578211,4742.603794,4622.431866,4660.834253
base,9/12/2025 0:00,0x4200000000000000000000000000000000000006,WETH,4479.482579,4691.23028,4479.482579,4691.23028
base,9/11/2025 0:00,0x4200000000000000000000000000000000000006,WETH,4347.802803,4458.823143,4347.802803,4458.823143
base,9/10/2025 0:00,0x4200000000000000000000000000000000000006,WETH,4305.040717,4425.790883,4299.166125,4349.104334
base,9/9/2025 0:00,0x4200000000000000000000000000000000000006,WETH,4304.015456,4367.717929,4285.862523,4312.042217
base,9/8/2025 0:00,0x4200000000000000000000000000000000000006,WETH,4306.684595,4364.067998,4291.925525,4309.274667
base,9/7/2025 0:00,0x4200000000000000000000000000000000000006,WETH,4280.473468,4318.925446,4280.295088,4318.925446
base,9/6/2025 0:00,0x4200000000000000000000000000000000000006,WETH,4317.248879,4321.620318,4267.30251,4280.042816
base,9/5/2025 0:00,0x4200000000000000000000000000000000000006,WETH,4304.60365,4462.207288,4288.765453,4313.120899
base,9/4/2025 0:00,0x4200000000000000000000000000000000000006,WETH,4462.552327,4462.552327,4279.899662,4333.331871
base,9/3/2025 0:00,0x4200000000000000000000000000000000000006,WETH,4320.765688,4474.578189,4297.350295,4461.001189
base,9/2/2025 0:00,0x4200000000000000000000000000000000000006,WETH,4308.675604,4397.425648,4286.549317,4323.068228
base,9/1/2025 0:00,0x4200000000000000000000000000000000000006,WETH,4387.403563,4472.506688,4268.732925,4296.682281
base,8/31/2025 0:00,0x4200000000000000000000000000000000000006,WETH,4401.289141,4482.936668,4401.289141,4415.152088
base,8/30/2025 0:00,0x4200000000000000000000000000000000000006,WETH,4352.463697,4401.367512,4299.316632,4370.237101
base,8/29/2025 0:00,0x4200000000000000000000000000000000000006,WETH,4498.821588,4498.821588,4312.169222,4369.023274
base,8/28/2025 0:00,0x4200000000000000000000000000000000000006,WETH,4497.735632,4606.944799,4461.438538,4505.823314
base,8/27/2025 0:00,0x4200000000000000000000000000000000000006,WETH,4590.469098,4634.440053,4515.094744,4518.289278
base,8/26/2025 0:00,0x4200000000000000000000000000000000000006,WETH,4368.777322,4602.792334,4368.777322,4602.792334
base,8/25/2025 0:00,0x4200000000000000000000000000000000000006,WETH,4742.68792,4755.050053,4369.504037,4381.809258
base,8/24/2025 0:00,0x4200000000000000000000000000000000000006,WETH,4788.362837,4923.985309,4739.050426,4786.92576
base,8/23/2025 0:00,0x4200000000000000000000000000000000000006,WETH,4812.938218,4812.938218,4699.095927,4778.466948
base,8/22/2025 0:00,0x4200000000000000000000000000000000000006,WETH,4239.613269,4855.266773,4239.613269,4819.252952
base,8/21/2025 0:00,0x4200000000000000000000000000000000000006,WETH,4321.974039,4321.974039,4225.04893,4231.557427
base,8/20/2025 0:00,0x4200000000000000000000000000000000000006,WETH,4097.818573,4349.495649,4097.818573,4344.509877
base,8/19/2025 0:00,0x4200000000000000000000000000000000000006,WETH,4308.188575,4322.334955,4113.327148,4113.327148
base,8/18/2025 0:00,0x4200000000000000000000000000000000000006,WETH,4466.371978,4466.371978,4262.163266,4334.660906
base,8/17/2025 0:00,0x4200000000000000000000000000000000000006,WETH,4421.364362,4560.054703,4413.206235,4497.092001
base,8/16/2025 0:00,0x4200000000000000000000000000000000000006,WETH,4458.39703,4476.781625,4395.16883,4424.989709
base,8/15/2025 0:00,0x4200000000000000000000000000000000000006,WETH,4561.202604,4645.781404,4401.629007,4447.048034
base,8/14/2025 0:00,0x4200000000000000000000000000000000000006,WETH,4738.049109,4768.3136,4500.052149,4554.600833
base,8/13/2025 0:00,0x4200000000000000000000000000000000000006,WETH,4606.160977,4751.53737,4581.608355,4751.53737
base,8/12/2025 0:00,0x4200000000000000000000000000000000000006,WETH,4236.813765,4595.829573,4236.813765,4587.993885
base,8/11/2025 0:00,0x4200000000000000000000000000000000000006,WETH,4257.196962,4335.284696,4182.194524,4224.322724
base,8/10/2025 0:00,0x4200000000000000000000000000000000000006,WETH,4272.913661,4298.78013,4182.674544,4241.134717
base,8/9/2025 0:00,0x4200000000000000000000000000000000000006,WETH,4012.948616,4281.840555,4012.948616,4256.967697
base,8/8/2025 0:00,0x4200000000000000000000000000000000000006,WETH,3900.550866,4048.40942,3887.813093,4018.461911
base,8/7/2025 0:00,0x4200000000000000000000000000000000000006,WETH,3675.978901,3901.44164,3659.87497,3901.44164
base,8/6/2025 0:00,0x4200000000000000000000000000000000000006,WETH,3599.2094,3685.120353,3579.463017,3681.352231
base,8/5/2025 0:00,0x4200000000000000000000000000000000000006,WETH,3707.506892,3707.506892,3574.61719,3611.265318
base,8/4/2025 0:00,0x4200000000000000000000000000000000000006,WETH,3515.908283,3724.017241,3515.908283,3724.017241
base,8/3/2025 0:00,0x4200000000000000000000000000000000000006,WETH,3392.58522,3510.195689,3392.58522,3510.195689
base,8/2/2025 0:00,0x4200000000000000000000000000000000000006,WETH,3491.222422,3526.664247,3395.897,3395.897
base,8/1/2025 0:00,0x4200000000000000000000000000000000000006,WETH,3673.125929,3713.555777,3477.244259,3477.244259
base,7/31/2025 0:00,0x4200000000000000000000000000000000000006,WETH,3819.831759,3865.86819,3709.021483,3709.021483
base,7/30/2025 0:00,0x4200000000000000000000000000000000000006,WETH,3772.76824,3819.914473,3724.560881,3785.415887
base,7/29/2025 0:00,0x4200000000000000000000000000000000000006,WETH,3789.799855,3869.906279,3747.211652,3789.197979
base,7/28/2025 0:00,0x4200000000000000000000000000000000000006,WETH,3868.981239,3921.25096,3769.773358,3785.533068
base,7/27/2025 0:00,0x4200000000000000000000000000000000000006,WETH,3740.101252,3853.618734,3740.101252,3853.618734
base,7/26/2025 0:00,0x4200000000000000000000000000000000000006,WETH,3718.765478,3763.28031,3715.943908,3744.830395
base,7/25/2025 0:00,0x4200000000000000000000000000000000000006,WETH,3675.409372,3725.196757,3606.140046,3716.802234
base,7/24/2025 0:00,0x4200000000000000000000000000000000000006,WETH,3630.299714,3737.380432,3554.496089,3707.977928
base,7/23/2025 0:00,0x4200000000000000000000000000000000000006,WETH,3739.086653,3742.607211,3561.012555,3621.638133
base,7/22/2025 0:00,0x4200000000000000000000000000000000000006,WETH,3757.011377,3774.979289,3643.20882,3734.853371
base,7/21/2025 0:00,0x4200000000000000000000000000000000000006,WETH,3729.77126,3830.716007,3725.065635,3760.643228
base,7/20/2025 0:00,0x4200000000000000000000000000000000000006,WETH,3585.911216,3784.268761,3585.911216,3744.563164
base,7/19/2025 0:00,0x4200000000000000000000000000000000000006,WETH,3548.339392,3593.512396,3530.431027,3583.073214
base,7/18/2025 0:00,0x4200000000000000000000000000000000000006,WETH,3490.374125,3650.671725,3490.374125,3532.071326
base,7/17/2025 0:00,0x4200000000000000000000000000000000000006,WETH,3378.884306,3484.720987,3329.050511,3484.720987
base,7/16/2025 0:00,0x4200000000000000000000000000000000000006,WETH,3131.869337,3391.588305,3111.599855,3356.314836
base,7/15/2025 0:00,0x4200000000000000000000000000000000000006,WETH,3006.06409,3117.162553,2950.548844,3117.162553
base,7/14/2025 0:00,0x4200000000000000000000000000000000000006,WETH,2974.829211,3063.938902,2969.001183,3008.950453
base,7/13/2025 0:00,0x4200000000000000000000000000000000000006,WETH,2940.135326,2996.110831,2940.135326,2961.919443
base,7/12/2025 0:00,0x4200000000000000000000000000000000000006,WETH,2947.55171,2971.805574,2918.070076,2933.205749
base,7/11/2025 0:00,0x4200000000000000000000000000000000000006,WETH,2931.538042,3012.984313,2931.538042,2953.410209
base,7/10/2025 0:00,0x4200000000000000000000000000000000000006,WETH,2764.960111,2962.477688,2764.960111,2951.820631
base,7/9/2025 0:00,0x4200000000000000000000000000000000000006,WETH,2609.723736,2774.755659,2595.755767,2774.755659
base,7/8/2025 0:00,0x4200000000000000000000000000000000000006,WETH,2545.762306,2617.044463,2529.923828,2612.400441
base,7/7/2025 0:00,0x4200000000000000000000000000000000000006,WETH,2567.406537,2578.964528,2529.310715,2540.232135
base,7/6/2025 0:00,0x4200000000000000000000000000000000000006,WETH,2517.560819,2591.880965,2511.296553,2572.387061
base,7/5/2025 0:00,0x4200000000000000000000000000000000000006,WETH,2514.821471,2525.925814,2498.939116,2520.802156
base,7/4/2025 0:00,0x4200000000000000000000000000000000000006,WETH,2592.91797,2593.090672,2485.552268,2514.925923
base,7/3/2025 0:00,0x4200000000000000000000000000000000000006,WETH,2572.697061,2610.771892,2566.483632,2591.351091
base,7/2/2025 0:00,0x4200000000000000000000000000000000000006,WETH,2408.372899,2596.98044,2403.819431,2585.962975
base,7/1/2025 0:00,0x4200000000000000000000000000000000000006,WETH,2489.241675,2495.465919,2400.486018,2400.486018
base,6/30/2025 0:00,0x4200000000000000000000000000000000000006,WETH,2507.607258,2513.048845,2456.170925,2492.214149
base,6/29/2025 0:00,0x4200000000000000000000000000000000000006,WETH,2438.000687,2502.855006,2430.274856,2502.855006
base,6/28/2025 0:00,0x4200000000000000000000000000000000000006,WETH,2422.097346,2440.71504,2415.693899,2440.668357
base,6/27/2025 0:00,0x4200000000000000000000000000000000000006,WETH,2418.053362,2454.892265,2401.168681,2422.220463
base,6/26/2025 0:00,0x4200000000000000000000000000000000000006,WETH,2424.067196,2497.834483,2416.11973,2416.11973
base,6/25/2025 0:00,0x4200000000000000000000000000000000000006,WETH,2448.549812,2460.162544,2412.811132,2417.270049
base,6/24/2025 0:00,0x4200000000000000000000000000000000000006,WETH,2408.42621,2460.966593,2395.778157,2439.880514
base,6/23/2025 0:00,0x4200000000000000000000000000000000000006,WETH,2236.616783,2418.542868,2221.983848,2418.542868
base,6/22/2025 0:00,0x4200000000000000000000000000000000000006,WETH,2296.10974,2296.10974,2162.859305,2229.524462
base,6/21/2025 0:00,0x4200000000000000000000000000000000000006,WETH,2408.002962,2442.66173,2260.664699,2260.664699
base,6/20/2025 0:00,0x4200000000000000000000000000000000000006,WETH,2526.008537,2556.7914,2398.140302,2398.140302
base,6/19/2025 0:00,0x4200000000000000000000000000000000000006,WETH,2531.768652,2539.534795,2500.229768,2525.36319
base,6/18/2025 0:00,0x4200000000000000000000000000000000000006,WETH,2516.343905,2538.929329,2483.99748,2525.72665
base,6/17/2025 0:00,0x4200000000000000000000000000000000000006,WETH,2552.118103,2610.441796,2471.360059,2508.854211
base,6/16/2025 0:00,0x4200000000000000000000000000000000000006,WETH,2546.78858,2660.497989,2537.037649,2574.312758
base,6/15/2025 0:00,0x4200000000000000000000000000000000000006,WETH,2537.529702,2550.89511,2510.13243,2547.316448
base,6/14/2025 0:00,0x4200000000000000000000000000000000000006,WETH,2571.069589,2571.069589,2506.883554,2532.898272
base,6/13/2025 0:00,0x4200000000000000000000000000000000000006,WETH,2574.785829,2577.30609,2485.930898,2577.30609
base,6/12/2025 0:00,0x4200000000000000000000000000000000000006,WETH,2773.005045,2773.845531,2643.981315,2650.23192
base,6/11/2025 0:00,0x4200000000000000000000000000000000000006,WETH,2811.349064,2858.419671,2764.929238,2770.36898
base,6/10/2025 0:00,0x4200000000000000000000000000000000000006,WETH,2698.565779,2801.119129,2668.230455,2801.119129
base,6/9/2025 0:00,0x4200000000000000000000000000000000000006,WETH,2509.194308,2669.236258,2488.232094,2669.236258
base,6/8/2025 0:00,0x4200000000000000000000000000000000000006,WETH,2523.039035,2537.421655,2500.652561,2510.400648
base,6/7/2025 0:00,0x4200000000000000000000000000000000000006,WETH,2473.449525,2530.247801,2473.449525,2530.074401
base,6/6/2025 0:00,0x4200000000000000000000000000000000000006,WETH,2416.344192,2516.097162,2416.344192,2482.81786
base,6/5/2025 0:00,0x4200000000000000000000000000000000000006,WETH,2610.628371,2629.56896,2423.3571,2429.371898
base,6/4/2025 0:00,0x4200000000000000000000000000000000000006,WETH,2596.699755,2659.997825,2596.699755,2609.539365
base,6/3/2025 0:00,0x4200000000000000000000000000000000000006,WETH,2617.100787,2640.681379,2599.71159,2600.118062
base,6/2/2025 0:00,0x4200000000000000000000000000000000000006,WETH,2536.57701,2598.314408,2484.958994,2598.314408
base,6/1/2025 0:00,0x4200000000000000000000000000000000000006,WETH,2525.591977,2543.234894,2492.573787,2540.600198
base,5/31/2025 0:00,0x4200000000000000000000000000000000000006,WETH,2527.178755,2546.604428,2501.27735,2535.008443
base,5/30/2025 0:00,0x4200000000000000000000000000000000000006,WETH,2625.802822,2639.404717,2527.984885,2527.984885
base,5/29/2025 0:00,0x4200000000000000000000000000000000000006,WETH,2694.237079,2760.429671,2636.619696,2636.619696
base,5/28/2025 0:00,0x4200000000000000000000000000000000000006,WETH,2653.269392,2671.223079,2626.841394,2668.554794
base,5/27/2025 0:00,0x4200000000000000000000000000000000000006,WETH,2563.200636,2693.812758,2534.261763,2660.698401
base,5/26/2025 0:00,0x4200000000000000000000000000000000000006,WETH,2554.006626,2585.201006,2539.629881,2560.447353
base,5/25/2025 0:00,0x4200000000000000000000000000000000000006,WETH,2519.630326,2545.888865,2482.703524,2545.888865
base,5/24/2025 0:00,0x4200000000000000000000000000000000000006,WETH,2531.410511,2570.150309,2528.670582,2529.663286
base,5/23/2025 0:00,0x4200000000000000000000000000000000000006,WETH,2656.999711,2710.734624,2525.71949,2525.71949
base,5/22/2025 0:00,0x4200000000000000000000000000000000000006,WETH,2562.238627,2673.045229,2562.238627,2649.870316
base,5/21/2025 0:00,0x4200000000000000000000000000000000000006,WETH,2527.301021,2596.78523,2479.094711,2554.081396
base,5/20/2025 0:00,0x4200000000000000000000000000000000000006,WETH,2536.029942,2571.267929,2459.388231,2523.723727
base,5/19/2025 0:00,0x4200000000000000000000000000000000000006,WETH,2470.663986,2521.565248,2375.130936,2518.082784
base,5/18/2025 0:00,0x4200000000000000000000000000000000000006,WETH,2479.361383,2572.548759,2393.801028,2456.847837
base,5/17/2025 0:00,0x4200000000000000000000000000000000000006,WETH,2514.468585,2514.468585,2465.451895,2470.500009
base,5/16/2025 0:00,0x4200000000000000000000000000000000000006,WETH,2553.427787,2628.682649,2550.382022,2551.266489
base,5/15/2025 0:00,0x4200000000000000000000000000000000000006,WETH,2624.927107,2624.927107,2515.89325,2535.867422
base,5/14/2025 0:00,0x4200000000000000000000000000000000000006,WETH,2684.529269,2699.803284,2575.818937,2598.298697
base,5/13/2025 0:00,0x4200000000000000000000000000000000000006,WETH,2474.885038,2689.546324,2433.684742,2673.889255
base,5/12/2025 0:00,0x4200000000000000000000000000000000000006,WETH,2525.612058,2565.032363,2451.272004,2491.794759
base,5/11/2025 0:00,0x4200000000000000000000000000000000000006,WETH,2557.883618,2557.883618,2461.927336,2506.728939
base,5/10/2025 0:00,0x4200000000000000000000000000000000000006,WETH,2349.462195,2579.419069,2332.889716,2579.419069
base,5/9/2025 0:00,0x4200000000000000000000000000000000000006,WETH,2193.732794,2405.161731,2193.732794,2338.018384
base,5/8/2025 0:00,0x4200000000000000000000000000000000000006,WETH,1814.140592,2186.046603,1814.140592,2182.824744
base,5/7/2025 0:00,0x4200000000000000000000000000000000000006,WETH,1827.260285,1843.651688,1796.715575,1818.128941
base,5/6/2025 0:00,0x4200000000000000000000000000000000000006,WETH,1816.542063,1816.542063,1766.747963,1812.6948
base,5/5/2025 0:00,0x4200000000000000000000000000000000000006,WETH,1815.307066,1829.143822,1795.976232,1826.521023
base,5/4/2025 0:00,0x4200000000000000000000000000000000000006,WETH,1836.203295,1844.901505,1815.125936,1815.125936
base,5/3/2025 0:00,0x4200000000000000000000000000000000000006,WETH,1841.8401,1841.9085,1821.346478,1837.789302
base,5/2/2025 0:00,0x4200000000000000000000000000000000000006,WETH,1841.894524,1853.113817,1821.837741,1840.256979
base,5/1/2025 0:00,0x4200000000000000000000000000000000000006,WETH,1796.465216,1859.862732,1796.465216,1837.727774
base,4/30/2025 0:00,0x4200000000000000000000000000000000000006,WETH,1803.571697,1811.831251,1755.082789,1797.549589
base,4/29/2025 0:00,0x4200000000000000000000000000000000000006,WETH,1800.987383,1833.062167,1789.848504,1789.848504
base,4/28/2025 0:00,0x4200000000000000000000000000000000000006,WETH,1783.845207,1817.768989,1759.573806,1800.386217
base,4/27/2025 0:00,0x4200000000000000000000000000000000000006,WETH,1834.509965,1834.509965,1792.713227,1792.713227
base,4/26/2025 0:00,0x4200000000000000000000000000000000000006,WETH,1792.012065,1821.415277,1790.089473,1819.319148
base,4/25/2025 0:00,0x4200000000000000000000000000000000000006,WETH,1769.90033,1810.73321,1751.550587,1793.568392
base,4/24/2025 0:00,0x4200000000000000000000000000000000000006,WETH,1792.929961,1793.478687,1740.726322,1766.900831
base,4/23/2025 0:00,0x4200000000000000000000000000000000000006,WETH,1754.102648,1811.435577,1754.102648,1800.758695
base,4/22/2025 0:00,0x4200000000000000000000000000000000000006,WETH,1569.512751,1752.739571,1569.512751,1752.739571
base,4/21/2025 0:00,0x4200000000000000000000000000000000000006,WETH,1602.896378,1649.93197,1575.479478,1576.308792
base,4/20/2025 0:00,0x4200000000000000000000000000000000000006,WETH,1612.443589,1617.129139,1573.945346,1584.986903
base,4/19/2025 0:00,0x4200000000000000000000000000000000000006,WETH,1589.431968,1619.570447,1589.431968,1617.284707
base,4/18/2025 0:00,0x4200000000000000000000000000000000000006,WETH,1582.896485,1596.538256,1579.425129,1591.427186
base,4/17/2025 0:00,0x4200000000000000000000000000000000000006,WETH,1581.650382,1611.229949,1579.406904,1585.015136
base,4/16/2025 0:00,0x4200000000000000000000000000000000000006,WETH,1587.527354,1599.251951,1561.186556,1580.73409
base,4/15/2025 0:00,0x4200000000000000000000000000000000000006,WETH,1625.07474,1644.381324,1592.771861,1592.771861
base,4/14/2025 0:00,0x4200000000000000000000000000000000000006,WETH,1611.257954,1679.197706,1611.257954,1624.174377
base,4/13/2025 0:00,0x4200000000000000000000000000000000000006,WETH,1642.986449,1642.986449,1580.017398,1591.543311
base,4/12/2025 0:00,0x4200000000000000000000000000000000000006,WETH,1565.228223,1657.123866,1552.169189,1648.766514
base,4/11/2025 0:00,0x4200000000000000000000000000000000000006,WETH,1522.019776,1575.271815,1522.019776,1564.509376
base,4/10/2025 0:00,0x4200000000000000000000000000000000000006,WETH,1652.130019,1652.130019,1496.656607,1523.370766
base,4/9/2025 0:00,0x4200000000000000000000000000000000000006,WETH,1472.285361,1674.898276,1418.8038,1662.271596
base,4/8/2025 0:00,0x4200000000000000000000000000000000000006,WETH,1555.753483,1595.935103,1461.972771,1468.950542
base,4/7/2025 0:00,0x4200000000000000000000000000000000000006,WETH,1572.857545,1591.819921,1449.909353,1568.286194
base,4/6/2025 0:00,0x4200000000000000000000000000000000000006,WETH,1808.394479,1810.82004,1563.812272,1563.812272
base,4/5/2025 0:00,0x4200000000000000000000000000000000000006,WETH,1816.370431,1823.288672,1785.020054,1801.497856
base,4/4/2025 0:00,0x4200000000000000000000000000000000000006,WETH,1817.902051,1828.753737,1776.229869,1813.607712
base,4/3/2025 0:00,0x4200000000000000000000000000000000000006,WETH,1809.943,1833.098673,1769.142617,1811.181811
base,4/2/2025 0:00,0x4200000000000000000000000000000000000006,WETH,1901.024614,1906.557203,1794.24378,1794.24378
base,4/1/2025 0:00,0x4200000000000000000000000000000000000006,WETH,1826.380427,1917.849377,1826.380427,1910.257828
base,3/31/2025 0:00,0x4200000000000000000000000000000000000006,WETH,1799.996745,1844.284535,1791.445356,1825.516258
base,3/30/2025 0:00,0x4200000000000000000000000000000000000006,WETH,1824.481196,1847.145279,1796.730805,1803.217931
base,3/29/2025 0:00,0x4200000000000000000000000000000000000006,WETH,1905.172813,1907.818185,1818.150516,1822.626427
base,3/28/2025 0:00,0x4200000000000000000000000000000000000006,WETH,2000.92604,2010.499575,1874.041201,1897.978371
base,3/27/2025 0:00,0x4200000000000000000000000000000000000006,WETH,2013.599098,2032.734362,2003.627007,2004.985499
base,3/26/2025 0:00,0x4200000000000000000000000000000000000006,WETH,2069.792703,2074.189931,1995.37154,2003.991155
base,3/25/2025 0:00,0x4200000000000000000000000000000000000006,WETH,2085.955298,2085.955298,2045.363444,2063.611721
base,3/24/2025 0:00,0x4200000000000000000000000000000000000006,WETH,2007.909085,2094.651424,1987.593317,2074.088272
base,3/23/2025 0:00,0x4200000000000000000000000000000000000006,WETH,1986.286715,2018.567343,1986.286715,1996.138502
base,3/22/2025 0:00,0x4200000000000000000000000000000000000006,WETH,1974.224452,2000.978793,1974.224452,1982.7393
base,3/21/2025 0:00,0x4200000000000000000000000000000000000006,WETH,1986.366222,1991.237505,1948.859847,1969.163091
base,3/20/2025 0:00,0x4200000000000000000000000000000000000006,WETH,2047.873669,2047.873669,1965.096364,1977.424952
base,3/19/2025 0:00,0x4200000000000000000000000000000000000006,WETH,1938.956729,2054.070842,1932.369884,2054.070842
base,3/18/2025 0:00,0x4200000000000000000000000000000000000006,WETH,1927.296213,1928.639076,1882.035573,1928.639076
base,3/17/2025 0:00,0x4200000000000000000000000000000000000006,WETH,1895.527716,1947.512068,1893.351412,1930.420093
base,3/16/2025 0:00,0x4200000000000000000000000000000000000006,WETH,1940.303616,1940.303616,1881.952158,1881.952158
base,3/15/2025 0:00,0x4200000000000000000000000000000000000006,WETH,1915.759043,1948.707607,1911.042849,1942.989418
base,3/14/2025 0:00,0x4200000000000000000000000000000000000006,WETH,1870.457048,1938.250112,1870.457048,1918.974631
base,3/13/2025 0:00,0x4200000000000000000000000000000000000006,WETH,1906.753027,1906.753027,1842.978881,1870.208134
base,3/12/2025 0:00,0x4200000000000000000000000000000000000006,WETH,1917.929716,1921.750522,1856.028895,1907.436966
base,3/11/2025 0:00,0x4200000000000000000000000000000000000006,WETH,1835.782696,1953.283696,1812.990214,1930.952936
base,3/10/2025 0:00,0x4200000000000000000000000000000000000006,WETH,2020.56756,2122.160862,1853.865198,1883.970759
base,3/9/2025 0:00,0x4200000000000000000000000000000000000006,WETH,2207.493155,2207.493155,2015.852737,2015.852737
base,3/8/2025 0:00,0x4200000000000000000000000000000000000006,WETH,2140.107656,2222.356098,2133.846802,2205.015852
base,3/7/2025 0:00,0x4200000000000000000000000000000000000006,WETH,2165.306298,2210.990476,2134.176303,2134.176303
base,3/6/2025 0:00,0x4200000000000000000000000000000000000006,WETH,2244.526117,2304.887125,2197.72029,2210.768109
base,3/5/2025 0:00,0x4200000000000000000000000000000000000006,WETH,2166.57264,2247.092824,2166.57264,2238.819712
base,3/4/2025 0:00,0x4200000000000000000000000000000000000006,WETH,2144.780939,2179.646005,2045.745013,2170.407317
base,3/3/2025 0:00,0x4200000000000000000000000000000000000006,WETH,2492.964942,2492.964942,2121.897828,2157.050988
base,3/2/2025 0:00,0x4200000000000000000000000000000000000006,WETH,2216.28492,2528.036997,2198.31778,2528.036997
base,3/1/2025 0:00,0x4200000000000000000000000000000000000006,WETH,2232.577663,2269.703741,2159.466457,2208.092195
base,2/28/2025 0:00,0x4200000000000000000000000000000000000006,WETH,2305.57916,2305.57916,2100.795721,2224.487718
base,2/27/2025 0:00,0x4200000000000000000000000000000000000006,WETH,2335.490343,2367.059323,2260.636039,2292.021939
base,2/26/2025 0:00,0x4200000000000000000000000000000000000006,WETH,2485.466382,2498.236315,2294.962488,2338.900134
base,2/25/2025 0:00,0x4200000000000000000000000000000000000006,WETH,2505.51365,2512.021911,2386.724974,2506.537873
base,2/24/2025 0:00,0x4200000000000000000000000000000000000006,WETH,2826.810768,2826.810768,2526.941499,2526.941499
base,2/23/2025 0:00,0x4200000000000000000000000000000000000006,WETH,2761.945981,2818.644555,2754.228412,2818.644555
base,2/22/2025 0:00,0x4200000000000000000000000000000000000006,WETH,2667.133387,2784.650832,2667.133387,2769.100722
base,2/21/2025 0:00,0x4200000000000000000000000000000000000006,WETH,2740.742338,2825.091217,2632.475356,2649.627295
base,2/20/2025 0:00,0x4200000000000000000000000000000000000006,WETH,2719.201412,2756.337526,2719.201412,2737.858068
base,2/19/2025 0:00,0x4200000000000000000000000000000000000006,WETH,2673.316439,2729.904297,2664.800354,2722.224413
base,2/18/2025 0:00,0x4200000000000000000000000000000000000006,WETH,2735.303375,2735.303375,2626.049578,2665.009589
base,2/17/2025 0:00,0x4200000000000000000000000000000000000006,WETH,2668.9156,2803.056792,2662.548717,2745.083111
base,2/16/2025 0:00,0x4200000000000000000000000000000000000006,WETH,2699.625633,2714.407037,2668.090946,2668.090946
base,2/15/2025 0:00,0x4200000000000000000000000000000000000006,WETH,2719.643707,2733.235007,2688.258095,2696.954964
base,2/14/2025 0:00,0x4200000000000000000000000000000000000006,WETH,2672.290805,2777.416546,2672.290805,2724.574271
base,2/13/2025 0:00,0x4200000000000000000000000000000000000006,WETH,2729.589578,2741.588879,2628.894251,2672.06622
base,2/12/2025 0:00,0x4200000000000000000000000000000000000006,WETH,2606.069689,2742.831786,2586.696018,2742.831786
base,2/11/2025 0:00,0x4200000000000000000000000000000000000006,WETH,2683.082474,2718.803083,2596.774226,2602.04766
base,2/10/2025 0:00,0x4200000000000000000000000000000000000006,WETH,2644.669354,2683.40991,2579.781303,2658.182957
base,2/9/2025 0:00,0x4200000000000000000000000000000000000006,WETH,2634.150122,2669.817891,2587.938093,2621.557267
base,2/8/2025 0:00,0x4200000000000000000000000000000000000006,WETH,2640.313472,2645.669634,2604.266264,2638.863253
base,2/7/2025 0:00,0x4200000000000000000000000000000000000006,WETH,2699.810468,2787.061683,2578.413295,2601.762535
base,2/6/2025 0:00,0x4200000000000000000000000000000000000006,WETH,2786.040496,2843.037704,2689.64134,2689.838791
base,2/5/2025 0:00,0x4200000000000000000000000000000000000006,WETH,2728.940978,2810.089283,2722.354915,2774.096103
base,2/4/2025 0:00,0x4200000000000000000000000000000000000006,WETH,2872.743828,2872.743828,2652.669411,2708.08347
base,2/3/2025 0:00,0x4200000000000000000000000000000000000006,WETH,2829.608062,2877.772457,2466.985112,2877.772457
base,2/2/2025 0:00,0x4200000000000000000000000000000000000006,WETH,3139.882943,3155.898715,2836.414848,2836.414848
base,2/1/2025 0:00,0x4200000000000000000000000000000000000006,WETH,3302.883699,3323.26192,3123.677309,3123.677309
base,1/31/2025 0:00,0x4200000000000000000000000000000000000006,WETH,3252.122301,3410.367343,3227.87599,3292.740031
base,1/30/2025 0:00,0x4200000000000000000000000000000000000006,WETH,3109.045994,3270.555419,3109.045994,3261.411379
base,1/29/2025 0:00,0x4200000000000000000000000000000000000006,WETH,3094.382803,3154.335787,3091.776164,3132.324752
base,1/28/2025 0:00,0x4200000000000000000000000000000000000006,WETH,3182.650496,3216.730627,3063.433401,3074.04342
base,1/27/2025 0:00,0x4200000000000000000000000000000000000006,WETH,3232.526242,3232.526242,3059.692579,3170.447715
base,1/26/2025 0:00,0x4200000000000000000000000000000000000006,WETH,3321.841805,3349.753849,3259.919199,3259.919199
base,1/25/2025 0:00,0x4200000000000000000000000000000000000006,WETH,3300.129647,3345.396634,3284.609073,3329.630518
base,1/24/2025 0:00,0x4200000000000000000000000000000000000006,WETH,3323.765338,3406.576042,3298.107681,3317.00914
base,1/23/2025 0:00,0x4200000000000000000000000000000000000006,WETH,3247.929495,3328.658027,3200.780119,3328.658027
base,1/22/2025 0:00,0x4200000000000000000000000000000000000006,WETH,3332.405477,3340.716727,3240.366221,3240.366221
base,1/21/2025 0:00,0x4200000000000000000000000000000000000006,WETH,3259.530015,3346.927923,3231.37587,3324.809476
base,1/20/2025 0:00,0x4200000000000000000000000000000000000006,WETH,3192.116234,3402.699166,3189.079591,3297.856907
base,1/19/2025 0:00,0x4200000000000000000000000000000000000006,WETH,3308.523005,3423.065929,3157.545973,3211.178675
base,1/18/2025 0:00,0x4200000000000000000000000000000000000006,WETH,3480.383683,3480.383683,3253.595453,3296.008324
base,1/17/2025 0:00,0x4200000000000000000000000000000000000006,WETH,3312.648353,3498.9653,3312.648353,3475.830349
base,1/16/2025 0:00,0x4200000000000000000000000000000000000006,WETH,3423.52042,3423.52042,3293.9557,3300.330437
base,1/15/2025 0:00,0x4200000000000000000000000000000000000006,WETH,3226.523937,3448.855822,3196.397636,3431.908809
base,1/14/2025 0:00,0x4200000000000000000000000000000000000006,WETH,3133.342438,3232.170151,3133.342438,3229.657424
base,1/13/2025 0:00,0x4200000000000000000000000000000000000006,WETH,3299.195098,3299.195098,3006.821846,3132.033876
base,1/12/2025 0:00,0x4200000000000000000000000000000000000006,WETH,3285.716103,3290.733668,3239.968973,3252.799877
base,1/11/2025 0:00,0x4200000000000000000000000000000000000006,WETH,3265.213326,3310.819506,3232.426167,3290.604016
base,1/10/2025 0:00,0x4200000000000000000000000000000000000006,WETH,3225.027671,3308.631339,3225.027671,3272.48725
base,1/9/2025 0:00,0x4200000000000000000000000000000000000006,WETH,3327.607255,3347.51484,3188.91346,3222.60107
base,1/8/2025 0:00,0x4200000000000000000000000000000000000006,WETH,3397.120237,3397.120237,3265.798145,3324.98095
base,1/7/2025 0:00,0x4200000000000000000000000000000000000006,WETH,3684.077738,3691.31909,3380.530957,3384.015785
base,1/6/2025 0:00,0x4200000000000000000000000000000000000006,WETH,3636.703526,3720.16866,3624.947376,3679.350279
base,1/5/2025 0:00,0x4200000000000000000000000000000000000006,WETH,3659.359159,3659.359159,3610.825572,3642.377692
base,1/4/2025 0:00,0x4200000000000000000000000000000000000006,WETH,3606.967894,3659.712804,3583.368377,3657.041103
base,1/3/2025 0:00,0x4200000000000000000000000000000000000006,WETH,3451.988792,3613.782353,3433.130554,3606.948382
base,1/2/2025 0:00,0x4200000000000000000000000000000000000006,WETH,3372.751299,3471.640783,3372.751299,3445.999448
base,1/1/2025 0:00,0x4200000000000000000000000000000000000006,WETH,3345.613945,3361.268597,3323.542395,3356.962781
