Timestamp,Date,TVL
1626220800000,2021-07-14,68353956
1626307200000,2021-07-15,62829548
1626393600000,2021-07-16,58726312
1626480000000,2021-07-17,57839776
1626566400000,2021-07-18,58169034
1626652800000,2021-07-19,54851270
1626739200000,2021-07-20,51021473
1626825600000,2021-07-21,55935130
1626912000000,2021-07-22,58054505
1626998400000,2021-07-23,58914814
1627084800000,2021-07-24,57906599
1627171200000,2021-07-25,56639532
1627257600000,2021-07-26,64992621
1627344000000,2021-07-27,63056037
1627430400000,2021-07-28,62986829
1627516800000,2021-07-29,67912510
1627603200000,2021-07-30,65930043
1627689600000,2021-07-31,70431242
1627776000000,2021-08-01,70021404
1627862400000,2021-08-02,66792228
1627948800000,2021-08-03,64233598
1628035200000,2021-08-04,67709113
1628121600000,2021-08-05,74333324
1628208000000,2021-08-06,72062634
1628294400000,2021-08-07,74705534
1628380800000,2021-08-08,69418082
1628467200000,2021-08-09,72034382
1628553600000,2021-08-10,72511363
1628640000000,2021-08-11,75861302
1628726400000,2021-08-12,73297285
1628812800000,2021-08-13,86392556
1628899200000,2021-08-14,93255614
1628985600000,2021-08-15,93153512
1629072000000,2021-08-16,89266923
1629158400000,2021-08-17,83887091
1629244800000,2021-08-18,88497201
1629331200000,2021-08-19,94449280
1629417600000,2021-08-20,97061224
1629504000000,2021-08-21,112362881
1629590400000,2021-08-22,113077183
1629676800000,2021-08-23,117079603
1629763200000,2021-08-24,112349617
1629849600000,2021-08-25,103579537
1629936000000,2021-08-26,96265505
1630022400000,2021-08-27,102522071
1630108800000,2021-08-28,100454234
1630195200000,2021-08-29,98288837
1630281600000,2021-08-30,94243916
1630368000000,2021-08-31,96977865
1630454400000,2021-09-01,106135524
1630540800000,2021-09-02,111059160
1630627200000,2021-09-03,107763679
1630713600000,2021-09-04,108751210
1630800000000,2021-09-05,114056167
1630886400000,2021-09-06,124063701
1630972800000,2021-09-07,101894333
1631059200000,2021-09-08,105969065
1631145600000,2021-09-09,109694730
1631232000000,2021-09-10,102469400
1631318400000,2021-09-11,106005604
1631404800000,2021-09-12,109937138
1631491200000,2021-09-13,128311502
1631577600000,2021-09-14,133013342
1631664000000,2021-09-15,127312135
1631750400000,2021-09-16,140107137
1631836800000,2021-09-17,140514482
1631923200000,2021-09-18,122806151
1632009600000,2021-09-19,121744571
1632096000000,2021-09-20,104117485
1632182400000,2021-09-21,96430138
1632268800000,2021-09-22,106270845
1632355200000,2021-09-23,107523128
1632441600000,2021-09-24,106367782
1632528000000,2021-09-25,103796058
1632614400000,2021-09-26,105930077
1632700800000,2021-09-27,102257731
1632787200000,2021-09-28,99772573
1632873600000,2021-09-29,98555845
1632960000000,2021-09-30,101105148
1633046400000,2021-10-01,103348046
1633132800000,2021-10-02,106707068
1633219200000,2021-10-03,107803160
1633305600000,2021-10-04,112981728
1633392000000,2021-10-05,112936495
1633478400000,2021-10-06,113898018
1633564800000,2021-10-07,113390656
1633651200000,2021-10-08,113934477
1633737600000,2021-10-09,112502613
1633824000000,2021-10-10,113218265
1633910400000,2021-10-11,109611066
1633996800000,2021-10-12,108176740
1634083200000,2021-10-13,107296007
1634169600000,2021-10-14,108015099
1634256000000,2021-10-15,96426625
1634342400000,2021-10-16,98317207
1634428800000,2021-10-17,99205315
1634515200000,2021-10-18,99690494
1634601600000,2021-10-19,100318467
1634688000000,2021-10-20,103258460
1634774400000,2021-10-21,107746659
1634860800000,2021-10-22,106723831
1634947200000,2021-10-23,106623508
1635033600000,2021-10-24,108564601
1635120000000,2021-10-25,107684933
1635206400000,2021-10-26,109905321
1635292800000,2021-10-27,111283184
1635379200000,2021-10-28,105123946
1635465600000,2021-10-29,112688865
1635552000000,2021-10-30,257845557
1635638400000,2021-10-31,253685253
1635724800000,2021-11-01,257673670
1635811200000,2021-11-02,259880962
1635897600000,2021-11-03,268609423
1635984000000,2021-11-04,279958404
1636070400000,2021-11-05,287406773
1636156800000,2021-11-06,289804525
1636243200000,2021-11-07,287159698
1636329600000,2021-11-08,292670699
1636416000000,2021-11-09,297522284
1636502400000,2021-11-10,299837545
1636588800000,2021-11-11,279890940
1636675200000,2021-11-12,290400255
1636761600000,2021-11-13,321704588
1636848000000,2021-11-14,328374317
1636934400000,2021-11-15,334247492
1637020800000,2021-11-16,326753583
1637107200000,2021-11-17,306706024
1637193600000,2021-11-18,320270848
1637280000000,2021-11-19,303897852
1637366400000,2021-11-20,345936121
1637452800000,2021-11-21,346023738
1637539200000,2021-11-22,340538125
1637625600000,2021-11-23,342567825
1637712000000,2021-11-24,365390137
1637798400000,2021-11-25,359557424
1637884800000,2021-11-26,364947030
1637971200000,2021-11-27,344447018
1638057600000,2021-11-28,346932452
1638144000000,2021-11-29,352005052
1638230400000,2021-11-30,362624371
1638316800000,2021-12-01,366145199
1638403200000,2021-12-02,354521258
1638489600000,2021-12-03,350567661
1638576000000,2021-12-04,330869891
1638662400000,2021-12-05,313457959
1638748800000,2021-12-06,298651172
1638835200000,2021-12-07,311906420
1638921600000,2021-12-08,309018276
1639008000000,2021-12-09,319632649
1639094400000,2021-12-10,302669992
1639180800000,2021-12-11,295716621
1639267200000,2021-12-12,308149371
1639353600000,2021-12-13,307920547
1639440000000,2021-12-14,286799188
1639526400000,2021-12-15,290645527
1639612800000,2021-12-16,300754520
1639699200000,2021-12-17,297366239
1639785600000,2021-12-18,301756308
1639872000000,2021-12-19,308298455
1639958400000,2021-12-20,306824888
1640044800000,2021-12-21,306937655
1640131200000,2021-12-22,313862680
1640217600000,2021-12-23,316152954
1640304000000,2021-12-24,325140257
1640390400000,2021-12-25,323664126
1640476800000,2021-12-26,325402904
1640563200000,2021-12-27,327987385
1640649600000,2021-12-28,359184387
1640736000000,2021-12-29,353097752
1640822400000,2021-12-30,346707070
1640908800000,2021-12-31,342776666
1640995200000,2022-01-01,345702850
1641081600000,2022-01-02,348430425
1641168000000,2022-01-03,355551997
1641254400000,2022-01-04,332803016
1641340800000,2022-01-05,361130178
1641427200000,2022-01-06,371864645
1641513600000,2022-01-07,355049389
1641600000000,2022-01-08,321078256
1641686400000,2022-01-09,305746905
1641772800000,2022-01-10,286702010
1641859200000,2022-01-11,298207495
1641945600000,2022-01-12,306134333
1642032000000,2022-01-13,312814699
1642118400000,2022-01-14,289858251
1642204800000,2022-01-15,292552699
1642291200000,2022-01-16,294897302
1642377600000,2022-01-17,296943844
1642464000000,2022-01-18,288610287
1642550400000,2022-01-19,294815769
1642636800000,2022-01-20,292935119
1642723200000,2022-01-21,312702508
1642809600000,2022-01-22,280864418
1642896000000,2022-01-23,267546073
1642982400000,2022-01-24,271149911
1643068800000,2022-01-25,272153342
1643155200000,2022-01-26,277748091
1643241600000,2022-01-27,283350501
1643328000000,2022-01-28,277176896
1643414400000,2022-01-29,289624391
1643500800000,2022-01-30,296000776
1643587200000,2022-01-31,292693054
1643673600000,2022-02-01,305663790
1643760000000,2022-02-02,312911493
1643846400000,2022-02-03,328222788
1643932800000,2022-02-04,320824134
1644019200000,2022-02-05,332146403
1644105600000,2022-02-06,338363846
1644192000000,2022-02-07,340884257
1644278400000,2022-02-08,346068926
1644364800000,2022-02-09,340869673
1644451200000,2022-02-10,346622870
1644537600000,2022-02-11,328969966
1644624000000,2022-02-12,314783500
1644710400000,2022-02-13,314383148
1644796800000,2022-02-14,302846972
1644883200000,2022-02-15,307459217
1644969600000,2022-02-16,331250029
1645056000000,2022-02-17,326692612
1645142400000,2022-02-18,309021796
1645228800000,2022-02-19,301537995
1645315200000,2022-02-20,300528704
1645401600000,2022-02-21,288087975
1645488000000,2022-02-22,287011648
1645574400000,2022-02-23,294995143
1645660800000,2022-02-24,286623879
1645747200000,2022-02-25,290356012
1645833600000,2022-02-26,300790550
1645920000000,2022-02-27,295140841
1646006400000,2022-02-28,288044558
1646092800000,2022-03-01,305401556
1646179200000,2022-03-02,301048498
1646265600000,2022-03-03,299558085
1646352000000,2022-03-04,283837055
1646438400000,2022-03-05,264186368
1646524800000,2022-03-06,273751896
1646611200000,2022-03-07,270323852
1646697600000,2022-03-08,269451309
1646784000000,2022-03-09,280836771
1646870400000,2022-03-10,307349790
1646956800000,2022-03-11,298515777
1647043200000,2022-03-12,288295767
1647129600000,2022-03-13,290669968
1647216000000,2022-03-14,278202599
1647302400000,2022-03-15,277811894
1647388800000,2022-03-16,279105367
1647475200000,2022-03-17,270615039
1647561600000,2022-03-18,298548763
1647648000000,2022-03-19,324754026
1647734400000,2022-03-20,321265685
1647820800000,2022-03-21,327530835
1647907200000,2022-03-22,341874157
1647993600000,2022-03-23,348135073
1648080000000,2022-03-24,377769621
1648166400000,2022-03-25,373389207
1648252800000,2022-03-26,367846233
1648339200000,2022-03-27,373544361
1648425600000,2022-03-28,387947835
1648512000000,2022-03-29,390488143
1648598400000,2022-03-30,402808213
1648684800000,2022-03-31,435746277
1648771200000,2022-04-01,433986149
1648857600000,2022-04-02,447273226
1648944000000,2022-04-03,448475130
1649030400000,2022-04-04,450998939
1649116800000,2022-04-05,421375327
1649203200000,2022-04-06,423444072
1649289600000,2022-04-07,424857182
1649376000000,2022-04-08,435067820
1649462400000,2022-04-09,420646110
1649548800000,2022-04-10,430779501
1649635200000,2022-04-11,421503639
1649721600000,2022-04-12,394726759
1649808000000,2022-04-13,405711131
1649894400000,2022-04-14,413652544
1649980800000,2022-04-15,421203997
1650067200000,2022-04-16,422737557
1650153600000,2022-04-17,421226590
1650240000000,2022-04-18,412126419
1650326400000,2022-04-19,424474341
1650412800000,2022-04-20,454356071
1650499200000,2022-04-21,484016421
1650585600000,2022-04-22,473553233
1650672000000,2022-04-23,466051544
1650758400000,2022-04-24,479374315
1650844800000,2022-04-25,473342505
1650931200000,2022-04-26,498459203
1651017600000,2022-04-27,475764024
1651104000000,2022-04-28,479957167
1651190400000,2022-04-29,474612101
1651276800000,2022-04-30,447961828
1651363200000,2022-05-01,423239759
1651449600000,2022-05-02,436340380
1651536000000,2022-05-03,431488815
1651622400000,2022-05-04,427601234
1651708800000,2022-05-05,453013218
1651795200000,2022-05-06,420263930
1651881600000,2022-05-07,403175095
1651968000000,2022-05-08,394287490
1652054400000,2022-05-09,385901453
1652140800000,2022-05-10,362375042
1652227200000,2022-05-11,367630926
1652313600000,2022-05-12,309265213
1652400000000,2022-05-13,285550327
1652486400000,2022-05-14,280983753
1652572800000,2022-05-15,275372654
1652659200000,2022-05-16,282803067
1652745600000,2022-05-17,278151542
1652832000000,2022-05-18,280666772
1652918400000,2022-05-19,271937411
1653004800000,2022-05-20,274569372
1653091200000,2022-05-21,271214435
1653177600000,2022-05-22,275179333
1653264000000,2022-05-23,280361547
1653350400000,2022-05-24,271317813
1653436800000,2022-05-25,273289976
1653523200000,2022-05-26,261538793
1653609600000,2022-05-27,264739996
1653696000000,2022-05-28,248172986
1653782400000,2022-05-29,246162135
1653868800000,2022-05-30,269058332
1653955200000,2022-05-31,275203556
1654041600000,2022-06-01,276665668
1654128000000,2022-06-02,316376757
1654214400000,2022-06-03,325786436
1654300800000,2022-06-04,335405216
1654387200000,2022-06-05,350600460
1654473600000,2022-06-06,353949594
1654560000000,2022-06-07,356623050
1654646400000,2022-06-08,360981199
1654732800000,2022-06-09,352419866
1654819200000,2022-06-10,325512820
1654905600000,2022-06-11,321674092
1654992000000,2022-06-12,310774221
1655078400000,2022-06-13,283859932
1655164800000,2022-06-14,256091590
1655251200000,2022-06-15,254220807
1655337600000,2022-06-16,256154790
1655424000000,2022-06-17,243798895
1655510400000,2022-06-18,236820210
1655596800000,2022-06-19,222666785
1655683200000,2022-06-20,238656241
1655769600000,2022-06-21,273999273
1655856000000,2022-06-22,276257543
1655942400000,2022-06-23,304220289
1656028800000,2022-06-24,313684200
1656115200000,2022-06-25,317202013
1656201600000,2022-06-26,307846920
1656288000000,2022-06-27,300690927
1656374400000,2022-06-28,286914469
1656460800000,2022-06-29,292769185
1656547200000,2022-06-30,276948270
1656633600000,2022-07-01,270792065
1656720000000,2022-07-02,271571994
1656806400000,2022-07-03,285240547
1656892800000,2022-07-04,276700924
1656979200000,2022-07-05,289656776
1657065600000,2022-07-06,286357349
1657152000000,2022-07-07,286326290
1657238400000,2022-07-08,289443990
1657324800000,2022-07-09,287270497
1657411200000,2022-07-10,290187898
1657497600000,2022-07-11,284778855
1657584000000,2022-07-12,274578928
1657670400000,2022-07-13,271103461
1657756800000,2022-07-14,280592702
1657843200000,2022-07-15,293801218
1657929600000,2022-07-16,301705624
1658016000000,2022-07-17,324492950
1658102400000,2022-07-18,328464521
1658188800000,2022-07-19,353376392
1658275200000,2022-07-20,358373595
1658361600000,2022-07-21,362419544
1658448000000,2022-07-22,381971975
1658534400000,2022-07-23,387582940
1658620800000,2022-07-24,399566587
1658707200000,2022-07-25,395822214
1658793600000,2022-07-26,401130415
1658880000000,2022-07-27,408112940
1658966400000,2022-07-28,452534563
1659052800000,2022-07-29,496524842
1659139200000,2022-07-30,531736162
1659225600000,2022-07-31,536323369
1659312000000,2022-08-01,533955151
1659398400000,2022-08-02,530639144
1659484800000,2022-08-03,536157912
1659571200000,2022-08-04,551379444
1659657600000,2022-08-05,767374402
1659744000000,2022-08-06,986341592
1659830400000,2022-08-07,1046213502
1659916800000,2022-08-08,1078296991
1660003200000,2022-08-09,1095695106
1660089600000,2022-08-10,1067000301
1660176000000,2022-08-11,1148609503
1660262400000,2022-08-12,1137548511
1660348800000,2022-08-13,1146261032
1660435200000,2022-08-14,1101897966
1660521600000,2022-08-15,1068333223
1660608000000,2022-08-16,1059643061
1660694400000,2022-08-17,1033628772
1660780800000,2022-08-18,1027894904
1660867200000,2022-08-19,900789337
1660953600000,2022-08-20,862122784
1661040000000,2022-08-21,837484104
1661126400000,2022-08-22,860500548
1661212800000,2022-08-23,859287266
1661299200000,2022-08-24,877289278
1661385600000,2022-08-25,873934547
1661472000000,2022-08-26,891662850
1661558400000,2022-08-27,855354165
1661644800000,2022-08-28,872050566
1661731200000,2022-08-29,849872084
1661817600000,2022-08-30,884142766
1661904000000,2022-08-31,896718051
1661990400000,2022-09-01,900980992
1662076800000,2022-09-02,906524172
1662163200000,2022-09-03,909991150
1662249600000,2022-09-04,903795346
1662336000000,2022-09-05,908893859
1662422400000,2022-09-06,891187866
1662508800000,2022-09-07,843470600
1662595200000,2022-09-08,860821414
1662681600000,2022-09-09,856584042
1662768000000,2022-09-10,887048796
1662854400000,2022-09-11,890304436
1662940800000,2022-09-12,887195266
1663027200000,2022-09-13,889836072
1663113600000,2022-09-14,854369358
1663200000000,2022-09-15,829717506
1663286400000,2022-09-16,823225578
1663372800000,2022-09-17,825994673
1663459200000,2022-09-18,840123001
1663545600000,2022-09-19,820166504
1663632000000,2022-09-20,831805294
1663718400000,2022-09-21,843541090
1663804800000,2022-09-22,808022751
1663891200000,2022-09-23,829618218
1663977600000,2022-09-24,832553561
1664064000000,2022-09-25,836613579
1664150400000,2022-09-26,827326483
1664236800000,2022-09-27,839495416
1664323200000,2022-09-28,843777929
1664409600000,2022-09-29,897311378
1664496000000,2022-09-30,907320143
1664582400000,2022-10-01,902629155
1664668800000,2022-10-02,903667260
1664755200000,2022-10-03,901251539
1664841600000,2022-10-04,921985186
1664928000000,2022-10-05,930236302
1665014400000,2022-10-06,920250802
1665100800000,2022-10-07,923266779
1665187200000,2022-10-08,902268466
1665273600000,2022-10-09,922906888
1665360000000,2022-10-10,920821728
1665446400000,2022-10-11,910506884
1665532800000,2022-10-12,915604362
1665619200000,2022-10-13,906572077
1665705600000,2022-10-14,916031752
1665792000000,2022-10-15,918838202
1665878400000,2022-10-16,919083503
1665964800000,2022-10-17,927066642
1666051200000,2022-10-18,897768586
1666137600000,2022-10-19,906998487
1666224000000,2022-10-20,912735961
1666310400000,2022-10-21,906135704
1666396800000,2022-10-22,905943177
1666483200000,2022-10-23,906218237
1666569600000,2022-10-24,913248953
1666656000000,2022-10-25,910443780
1666742400000,2022-10-26,929202701
1666828800000,2022-10-27,947619925
1666915200000,2022-10-28,978201562
1667001600000,2022-10-29,991481846
1667088000000,2022-10-30,1016331132
1667174400000,2022-10-31,1003330005
1667260800000,2022-11-01,977122602
1667347200000,2022-11-02,963034897
1667433600000,2022-11-03,907129721
1667520000000,2022-11-04,864857460
1667606400000,2022-11-05,873965823
1667692800000,2022-11-06,874281511
1667779200000,2022-11-07,855602965
1667865600000,2022-11-08,864292044
1667952000000,2022-11-09,773709308
1668038400000,2022-11-10,685012419
1668124800000,2022-11-11,659122121
1668211200000,2022-11-12,636713058
1668297600000,2022-11-13,613778069
1668384000000,2022-11-14,601891665
1668470400000,2022-11-15,560992105
1668556800000,2022-11-16,560192916
1668643200000,2022-11-17,559156686
1668729600000,2022-11-18,544521421
1668816000000,2022-11-19,547273338
1668902400000,2022-11-20,553930466
1668988800000,2022-11-21,539366518
1669075200000,2022-11-22,532078962
1669161600000,2022-11-23,536365082
1669248000000,2022-11-24,543623253
1669334400000,2022-11-25,542493373
1669420800000,2022-11-26,528692121
1669507200000,2022-11-27,524829977
1669593600000,2022-11-28,520022539
1669680000000,2022-11-29,515238403
1669766400000,2022-11-30,527741510
1669852800000,2022-12-01,535499387
1669939200000,2022-12-02,539173254
1670025600000,2022-12-03,544108325
1670112000000,2022-12-04,536947134
1670198400000,2022-12-05,546297049
1670284800000,2022-12-06,548031221
1670371200000,2022-12-07,555518456
1670457600000,2022-12-08,554345851
1670544000000,2022-12-09,560872937
1670630400000,2022-12-10,559127372
1670716800000,2022-12-11,559590399
1670803200000,2022-12-12,555372529
1670889600000,2022-12-13,558949531
1670976000000,2022-12-14,568432696
1671062400000,2022-12-15,572666490
1671148800000,2022-12-16,565303952
1671235200000,2022-12-17,539055811
1671321600000,2022-12-18,545662683
1671408000000,2022-12-19,548014072
1671494400000,2022-12-20,518368980
1671580800000,2022-12-21,523269482
1671667200000,2022-12-22,521551491
1671753600000,2022-12-23,525269256
1671840000000,2022-12-24,522382891
1671926400000,2022-12-25,519785522
1672012800000,2022-12-26,518261370
1672099200000,2022-12-27,519283936
1672185600000,2022-12-28,515823592
1672272000000,2022-12-29,509433407
1672358400000,2022-12-30,498258027
1672444800000,2022-12-31,497942793
1672531200000,2023-01-01,493237695
1672617600000,2023-01-02,493362521
1672704000000,2023-01-03,498948375
1672790400000,2023-01-04,499058243
1672876800000,2023-01-05,505490737
1672963200000,2023-01-06,502861038
1673049600000,2023-01-07,505291664
1673136000000,2023-01-08,502493470
1673222400000,2023-01-09,508839409
1673308800000,2023-01-10,520126946
1673395200000,2023-01-11,523155912
1673481600000,2023-01-12,539634604
1673568000000,2023-01-13,540762968
1673654400000,2023-01-14,566909125
1673740800000,2023-01-15,568358443
1673827200000,2023-01-16,577292629
1673913600000,2023-01-17,578866983
1674000000000,2023-01-18,584963119
1674086400000,2023-01-19,584785329
1674172800000,2023-01-20,594241727
1674259200000,2023-01-21,624859699
1674345600000,2023-01-22,627318514
1674432000000,2023-01-23,634098375
1674518400000,2023-01-24,641567917
1674604800000,2023-01-25,633430686
1674691200000,2023-01-26,671505649
1674777600000,2023-01-27,685169947
1674864000000,2023-01-28,690140119
1674950400000,2023-01-29,693513167
1675036800000,2023-01-30,702914670
1675123200000,2023-01-31,690310738
1675209600000,2023-02-01,706752588
1675296000000,2023-02-02,745356837
1675382400000,2023-02-03,739560049
1675468800000,2023-02-04,747420428
1675555200000,2023-02-05,757950058
1675641600000,2023-02-06,760945583
1675728000000,2023-02-07,776585052
1675814400000,2023-02-08,807004257
1675900800000,2023-02-09,804134218
1675987200000,2023-02-10,770367800
1676073600000,2023-02-11,768587556
1676160000000,2023-02-12,784567358
1676246400000,2023-02-13,775622230
1676332800000,2023-02-14,781102336
1676419200000,2023-02-15,793920220
1676505600000,2023-02-16,829756205
1676592000000,2023-02-17,811812024
1676678400000,2023-02-18,838723152
1676764800000,2023-02-19,842359670
1676851200000,2023-02-20,847913160
1676937600000,2023-02-21,866373976
1677024000000,2023-02-22,873403458
1677110400000,2023-02-23,871097848
1677196800000,2023-02-24,893618536
1677283200000,2023-02-25,901550692
1677369600000,2023-02-26,905473887
1677456000000,2023-02-27,942928941
1677542400000,2023-02-28,957454958
1677628800000,2023-03-01,964083330
1677715200000,2023-03-02,986793990
1677801600000,2023-03-03,978940816
1677888000000,2023-03-04,959179631
1677974400000,2023-03-05,955960269
1678060800000,2023-03-06,962991868
1678147200000,2023-03-07,967587261
1678233600000,2023-03-08,957405162
1678320000000,2023-03-09,934101955
1678406400000,2023-03-10,892816165
1678492800000,2023-03-11,845209837
1678579200000,2023-03-12,732001856
1678665600000,2023-03-13,827887455
1678752000000,2023-03-14,875393367
1678838400000,2023-03-15,911288002
1678924800000,2023-03-16,882767318
1679011200000,2023-03-17,926625232
1679097600000,2023-03-18,993376397
1679184000000,2023-03-19,978582957
1679270400000,2023-03-20,981249673
1679356800000,2023-03-21,981870420
1679443200000,2023-03-22,985961033
1679529600000,2023-03-23,978972042
1679616000000,2023-03-24,985105982
1679702400000,2023-03-25,953903330
1679788800000,2023-03-26,944819771
1679875200000,2023-03-27,939958944
1679961600000,2023-03-28,922609200
1680048000000,2023-03-29,913153281
1680134400000,2023-03-30,920113496
1680220800000,2023-03-31,916251698
1680307200000,2023-04-01,922280306
1680393600000,2023-04-02,921228508
1680480000000,2023-04-03,908913720
1680566400000,2023-04-04,912279424
1680652800000,2023-04-05,928790478
1680739200000,2023-04-06,932193856
1680825600000,2023-04-07,928429183
1680912000000,2023-04-08,920363928
1680998400000,2023-04-09,921684020
1681084800000,2023-04-10,922060232
1681171200000,2023-04-11,932655992
1681257600000,2023-04-12,929161175
1681344000000,2023-04-13,927872550
1681430400000,2023-04-14,960709533
1681516800000,2023-04-15,962448751
1681603200000,2023-04-16,959890982
1681689600000,2023-04-17,965437345
1681776000000,2023-04-18,958086214
1681862400000,2023-04-19,978965898
1681948800000,2023-04-20,961125730
1682035200000,2023-04-21,943104698
1682121600000,2023-04-22,908776983
1682208000000,2023-04-23,914012960
1682294400000,2023-04-24,912842929
1682380800000,2023-04-25,918528129
1682467200000,2023-04-26,926888955
1682553600000,2023-04-27,929541355
1682640000000,2023-04-28,923782079
1682726400000,2023-04-29,923345600
1682812800000,2023-04-30,926807953
1682899200000,2023-05-01,915437245
1682985600000,2023-05-02,901301815
1683072000000,2023-05-03,908391380
1683158400000,2023-05-04,928118339
1683244800000,2023-05-05,919800803
1683331200000,2023-05-06,935685781
1683417600000,2023-05-07,910832942
1683504000000,2023-05-08,895925865
1683590400000,2023-05-09,874583268
1683676800000,2023-05-10,878016035
1683763200000,2023-05-11,871239963
1683849600000,2023-05-12,852395688
1683936000000,2023-05-13,852138838
1684022400000,2023-05-14,844726387
1684108800000,2023-05-15,851657095
1684195200000,2023-05-16,854640388
1684281600000,2023-05-17,865135480
1684368000000,2023-05-18,884052329
1684454400000,2023-05-19,877811028
1684540800000,2023-05-20,880253005
1684627200000,2023-05-21,890137368
1684713600000,2023-05-22,878405360
1684800000000,2023-05-23,882182336
1684886400000,2023-05-24,891016295
1684972800000,2023-05-25,870729873
1685059200000,2023-05-26,876274475
1685145600000,2023-05-27,881034363
1685232000000,2023-05-28,885878940
1685318400000,2023-05-29,900609831
1685404800000,2023-05-30,891330075
1685491200000,2023-05-31,891585549
1685577600000,2023-06-01,872279292
1685664000000,2023-06-02,873523779
1685750400000,2023-06-03,877267458
1685836800000,2023-06-04,877533705
1685923200000,2023-06-05,878495128
1686009600000,2023-06-06,854557638
1686096000000,2023-06-07,866390602
1686182400000,2023-06-08,852514796
1686268800000,2023-06-09,853384164
1686355200000,2023-06-10,828779820
1686441600000,2023-06-11,794734385
1686528000000,2023-06-12,789213459
1686614400000,2023-06-13,792980181
1686700800000,2023-06-14,796837666
1686787200000,2023-06-15,777789131
1686873600000,2023-06-16,758797066
1686960000000,2023-06-17,764482457
1687046400000,2023-06-18,764717183
1687132800000,2023-06-19,760648042
1687219200000,2023-06-20,764192821
1687305600000,2023-06-21,785827598
1687392000000,2023-06-22,805724864
1687478400000,2023-06-23,792228284
1687564800000,2023-06-24,795987019
1687651200000,2023-06-25,789027762
1687737600000,2023-06-26,793977712
1687824000000,2023-06-27,787403556
1687910400000,2023-06-28,785250589
1687996800000,2023-06-29,764613316
1688083200000,2023-06-30,794859842
1688169600000,2023-07-01,820810014
1688256000000,2023-07-02,830174803
1688342400000,2023-07-03,839876365
1688428800000,2023-07-04,840048345
1688515200000,2023-07-05,838886661
1688601600000,2023-07-06,831847772
1688688000000,2023-07-07,819934690
1688774400000,2023-07-08,822508914
1688860800000,2023-07-09,826243564
1688947200000,2023-07-10,824735270
1689033600000,2023-07-11,820098707
1689120000000,2023-07-12,816743012
1689206400000,2023-07-13,810173914
1689292800000,2023-07-14,845903993
1689379200000,2023-07-15,849110271
1689465600000,2023-07-16,869079204
1689552000000,2023-07-17,862986452
1689638400000,2023-07-18,862332521
1689724800000,2023-07-19,866672763
1689811200000,2023-07-20,876080637
1689897600000,2023-07-21,891568452
1689984000000,2023-07-22,898573782
1690070400000,2023-07-23,899008944
1690156800000,2023-07-24,898377853
1690243200000,2023-07-25,886123406
1690329600000,2023-07-26,883855120
1690416000000,2023-07-27,904402626
1690502400000,2023-07-28,912950564
1690588800000,2023-07-29,912426333
1690675200000,2023-07-30,915568810
1690761600000,2023-07-31,884822309
1690848000000,2023-08-01,870511766
1690934400000,2023-08-02,860904321
1691020800000,2023-08-03,855643894
1691107200000,2023-08-04,851862352
1691193600000,2023-08-05,861959685
1691280000000,2023-08-06,862150152
1691366400000,2023-08-07,860475360
1691452800000,2023-08-08,860296626
1691539200000,2023-08-09,865603353
1691625600000,2023-08-10,854855221
1691712000000,2023-08-11,843804219
1691798400000,2023-08-12,832731723
1691884800000,2023-08-13,835220656
1691971200000,2023-08-14,826622923
1692057600000,2023-08-15,822692622
1692144000000,2023-08-16,809364025
1692230400000,2023-08-17,793939840
1692316800000,2023-08-18,754102497
1692403200000,2023-08-19,730470204
1692489600000,2023-08-20,731139518
1692576000000,2023-08-21,728701100
1692662400000,2023-08-22,729043514
1692748800000,2023-08-23,725078863
1692835200000,2023-08-24,732028267
1692921600000,2023-08-25,722723455
1693008000000,2023-08-26,719317982
1693094400000,2023-08-27,717196438
1693180800000,2023-08-28,716742041
1693267200000,2023-08-29,705813244
1693353600000,2023-08-30,713535041
1693440000000,2023-08-31,706313099
1693526400000,2023-09-01,669102929
1693612800000,2023-09-02,661294345
1693699200000,2023-09-03,660777539
1693785600000,2023-09-04,659329563
1693872000000,2023-09-05,659864219
1693958400000,2023-09-06,657221022
1694044800000,2023-09-07,656021240
1694131200000,2023-09-08,653764834
1694217600000,2023-09-09,644756984
1694304000000,2023-09-10,646623340
1694390400000,2023-09-11,644112028
1694476800000,2023-09-12,625223341
1694563200000,2023-09-13,631552385
1694649600000,2023-09-14,635543817
1694736000000,2023-09-15,638151676
1694822400000,2023-09-16,643619364
1694908800000,2023-09-17,637305435
1694995200000,2023-09-18,634746654
1695081600000,2023-09-19,641528541
1695168000000,2023-09-20,647519731
1695254400000,2023-09-21,645687592
1695340800000,2023-09-22,635941698
1695427200000,2023-09-23,645730736
1695513600000,2023-09-24,635702862
1695600000000,2023-09-25,631575839
1695686400000,2023-09-26,632453236
1695772800000,2023-09-27,634887039
1695859200000,2023-09-28,637182220
1695945600000,2023-09-29,643227657
1696032000000,2023-09-30,646344174
1696118400000,2023-10-01,648632518
1696204800000,2023-10-02,661799111
1696291200000,2023-10-03,646212113
1696377600000,2023-10-04,633300753
1696464000000,2023-10-05,636426453
1696550400000,2023-10-06,623390748
1696636800000,2023-10-07,629725223
1696723200000,2023-10-08,626255472
1696809600000,2023-10-09,623840087
1696896000000,2023-10-10,609117300
1696982400000,2023-10-11,603860000
1697068800000,2023-10-12,589365620
1697155200000,2023-10-13,576149893
1697241600000,2023-10-14,577932851
1697328000000,2023-10-15,575327676
1697414400000,2023-10-16,578315470
1697500800000,2023-10-17,593621502
1697587200000,2023-10-18,587646005
1697673600000,2023-10-19,585383588
1697760000000,2023-10-20,582969793
1697846400000,2023-10-21,591791712
1697932800000,2023-10-22,600558004
1698019200000,2023-10-23,607972987
1698105600000,2023-10-24,628603474
1698192000000,2023-10-25,625372496
1698278400000,2023-10-26,634458845
1698364800000,2023-10-27,633385874
1698451200000,2023-10-28,630473571
1698537600000,2023-10-29,632511510
1698624000000,2023-10-30,640100113
1698710400000,2023-10-31,642466265
1698796800000,2023-11-01,639126381
1698883200000,2023-11-02,651584835
1698969600000,2023-11-03,633221301
1699056000000,2023-11-04,648266429
1699142400000,2023-11-05,658863794
1699228800000,2023-11-06,662348779
1699315200000,2023-11-07,656793780
1699401600000,2023-11-08,651303898
1699488000000,2023-11-09,677005015
1699574400000,2023-11-10,706202363
1699660800000,2023-11-11,723601379
1699747200000,2023-11-12,725513154
1699833600000,2023-11-13,740678154
1699920000000,2023-11-14,719120713
1700006400000,2023-11-15,729171133
1700092800000,2023-11-16,760487051
1700179200000,2023-11-17,725948666
1700265600000,2023-11-18,738655753
1700352000000,2023-11-19,737978522
1700438400000,2023-11-20,779624092
1700524800000,2023-11-21,768519884
1700611200000,2023-11-22,744642747
1700697600000,2023-11-23,758971080
1700784000000,2023-11-24,760136040
1700870400000,2023-11-25,777702020
1700956800000,2023-11-26,771211489
1701043200000,2023-11-27,770376277
1701129600000,2023-11-28,759372954
1701216000000,2023-11-29,764147039
1701302400000,2023-11-30,759097853
1701388800000,2023-12-01,755402312
1701475200000,2023-12-02,767203945
1701561600000,2023-12-03,780181126
1701648000000,2023-12-04,780489212
1701734400000,2023-12-05,792640815
1701820800000,2023-12-06,827906679
1701907200000,2023-12-07,804529585
1701993600000,2023-12-08,824604083
1702080000000,2023-12-09,823575782
1702166400000,2023-12-10,828670997
1702252800000,2023-12-11,832653541
1702339200000,2023-12-12,833433048
1702425600000,2023-12-13,835108655
1702512000000,2023-12-14,856213398
1702598400000,2023-12-15,849407944
1702684800000,2023-12-16,820206039
1702771200000,2023-12-17,826736704
1702857600000,2023-12-18,802428195
1702944000000,2023-12-19,813391857
1703030400000,2023-12-20,794557287
1703116800000,2023-12-21,827394330
1703203200000,2023-12-22,852716216
1703289600000,2023-12-23,893924221
1703376000000,2023-12-24,876776929
1703462400000,2023-12-25,887595462
1703548800000,2023-12-26,886527924
1703635200000,2023-12-27,878007164
1703721600000,2023-12-28,918217129
1703808000000,2023-12-29,891689427
1703894400000,2023-12-30,910492022
1703980800000,2023-12-31,898631263
1704067200000,2024-01-01,899543317
1704153600000,2024-01-02,931885339
1704240000000,2024-01-03,908395006
1704326400000,2024-01-04,861959730
1704412800000,2024-01-05,871831005
1704499200000,2024-01-06,865196239
1704585600000,2024-01-07,863398792
1704672000000,2024-01-08,827424343
1704758400000,2024-01-09,857042816
1704844800000,2024-01-10,879596338
1704931200000,2024-01-11,920289721
1705017600000,2024-01-12,926036934
1705104000000,2024-01-13,906343832
1705190400000,2024-01-14,906764926
1705276800000,2024-01-15,887664974
1705363200000,2024-01-16,883720115
1705449600000,2024-01-17,891926404
1705536000000,2024-01-18,882775191
1705622400000,2024-01-19,845356989
1705708800000,2024-01-20,846842799
1705795200000,2024-01-21,843366985
1705881600000,2024-01-22,837980783
1705968000000,2024-01-23,804226934
1706054400000,2024-01-24,785415630
1706140800000,2024-01-25,792221934
1706227200000,2024-01-26,784481553
1706313600000,2024-01-27,805465565
1706400000000,2024-01-28,793383607
1706486400000,2024-01-29,785555158
1706572800000,2024-01-30,801332933
1706659200000,2024-01-31,778717584
1706745600000,2024-02-01,757128977
1706832000000,2024-02-02,778204378
1706918400000,2024-02-03,778322485
1707004800000,2024-02-04,765758748
1707091200000,2024-02-05,765656615
1707177600000,2024-02-06,765322763
1707264000000,2024-02-07,778988586
1707350400000,2024-02-08,789403143
1707436800000,2024-02-09,781996448
1707523200000,2024-02-10,808508924
1707609600000,2024-02-11,803185506
1707696000000,2024-02-12,814997930
1707782400000,2024-02-13,840785075
1707868800000,2024-02-14,839694338
1707955200000,2024-02-15,869141988
1708041600000,2024-02-16,855531682
1708128000000,2024-02-17,846413242
1708214400000,2024-02-18,851240793
1708300800000,2024-02-19,872955655
1708387200000,2024-02-20,913144820
1708473600000,2024-02-21,917266796
1708560000000,2024-02-22,894261402
1708646400000,2024-02-23,890007015
1708732800000,2024-02-24,899360927
1708819200000,2024-02-25,919399944
1708905600000,2024-02-26,932185192
1708992000000,2024-02-27,943905882
1709078400000,2024-02-28,938775360
1709164800000,2024-02-29,973110846
1709251200000,2024-03-01,960512086
1709337600000,2024-03-02,983252676
1709424000000,2024-03-03,991775448
1709510400000,2024-03-04,1009875686
1709596800000,2024-03-05,1019372574
1709683200000,2024-03-06,992793292
1709769600000,2024-03-07,1067507847
1709856000000,2024-03-08,1075493448
1709942400000,2024-03-09,1057565366
1710028800000,2024-03-10,1061760340
1710115200000,2024-03-11,1055674978
1710201600000,2024-03-12,1080899245
1710288000000,2024-03-13,1079486037
1710374400000,2024-03-14,1119309284
1710460800000,2024-03-15,1085571707
1710547200000,2024-03-16,1038929516
1710633600000,2024-03-17,987159418
1710720000000,2024-03-18,999464110
1710806400000,2024-03-19,972029394
1710892800000,2024-03-20,931410513
1710979200000,2024-03-21,994021310
1711065600000,2024-03-22,995161477
1711152000000,2024-03-23,976312443
1711238400000,2024-03-24,988410652
1711324800000,2024-03-25,1000740560
1711411200000,2024-03-26,1046661052
1711497600000,2024-03-27,1040442841
1711584000000,2024-03-28,1042561529
1711670400000,2024-03-29,1083582198
1711756800000,2024-03-30,1061685476
1711843200000,2024-03-31,1056023302
1711929600000,2024-04-01,1071262183
1712016000000,2024-04-02,1048823884
1712102400000,2024-04-03,1016733960
1712188800000,2024-04-04,1001547282
1712275200000,2024-04-05,1012187091
1712361600000,2024-04-06,1009066899
1712448000000,2024-04-07,1028251382
1712534400000,2024-04-08,1041734509
1712620800000,2024-04-09,1094149309
1712707200000,2024-04-10,1042369038
1712793600000,2024-04-11,1033998301
1712880000000,2024-04-12,983466703
1712966400000,2024-04-13,915614318
1713052800000,2024-04-14,823540704
1713139200000,2024-04-15,873160156
1713225600000,2024-04-16,855908195
1713312000000,2024-04-17,858728351
1713398400000,2024-04-18,845644075
1713484800000,2024-04-19,848034022
1713571200000,2024-04-20,870492921
1713657600000,2024-04-21,899111180
1713744000000,2024-04-22,898313290
1713830400000,2024-04-23,921925252
1713916800000,2024-04-24,925271088
1714003200000,2024-04-25,896859159
1714089600000,2024-04-26,901384439
1714176000000,2024-04-27,883309787
1714262400000,2024-04-28,903817716
1714348800000,2024-04-29,923199156
1714435200000,2024-04-30,891360465
1714521600000,2024-05-01,863396472
1714608000000,2024-05-02,867858448
1714694400000,2024-05-03,889802984
1714780800000,2024-05-04,907581646
1714867200000,2024-05-05,909348934
1714953600000,2024-05-06,907330576
1715040000000,2024-05-07,892529809
1715126400000,2024-05-08,879232006
1715212800000,2024-05-09,848936579
1715299200000,2024-05-10,855630788
1715385600000,2024-05-11,842337520
1715472000000,2024-05-12,841862791
1715558400000,2024-05-13,838113557
1715644800000,2024-05-14,817609907
1715731200000,2024-05-15,806609703
1715817600000,2024-05-16,832588262
1715904000000,2024-05-17,814563796
1715990400000,2024-05-18,842190140
1716076800000,2024-05-19,842753395
1716163200000,2024-05-20,833953661
1716249600000,2024-05-21,920516045
1716336000000,2024-05-22,923392528
1716422400000,2024-05-23,915652401
1716508800000,2024-05-24,911639077
1716595200000,2024-05-25,903161975
1716681600000,2024-05-26,906590675
1716768000000,2024-05-27,920032975
1716854400000,2024-05-28,935233657
1716940800000,2024-05-29,901834147
1717027200000,2024-05-30,885790078
1717113600000,2024-05-31,870744860
1717200000000,2024-06-01,883610936
1717286400000,2024-06-02,875305811
1717372800000,2024-06-03,866566844
1717459200000,2024-06-04,856562199
1717545600000,2024-06-05,876870617
1717632000000,2024-06-06,884235780
1717718400000,2024-06-07,873160079
1717804800000,2024-06-08,831445761
1717891200000,2024-06-09,802700161
1717977600000,2024-06-10,823775696
1718064000000,2024-06-11,811015586
1718150400000,2024-06-12,779559039
1718236800000,2024-06-13,794033812
1718323200000,2024-06-14,763585361
1718409600000,2024-06-15,753891730
1718496000000,2024-06-16,768456671
1718582400000,2024-06-17,777241170
1718668800000,2024-06-18,751024956
1718755200000,2024-06-19,730964325
1718841600000,2024-06-20,740958492
1718928000000,2024-06-21,730333793
1719014400000,2024-06-22,719922713
1719100800000,2024-06-23,716983971
1719187200000,2024-06-24,704263614
1719273600000,2024-06-25,693844498
1719360000000,2024-06-26,703960125
1719446400000,2024-06-27,698009431
1719532800000,2024-06-28,698484895
1719619200000,2024-06-29,689527988
1719705600000,2024-06-30,685433533
1719792000000,2024-07-01,692251562
1719878400000,2024-07-02,737189223
1719964800000,2024-07-03,734581847
1720051200000,2024-07-04,683104949
1720137600000,2024-07-05,661643706
1720224000000,2024-07-06,647545365
1720310400000,2024-07-07,670090967
1720396800000,2024-07-08,648905805
1720483200000,2024-07-09,662945896
1720569600000,2024-07-10,676338426
1720656000000,2024-07-11,681919369
1720742400000,2024-07-12,694057016
1720828800000,2024-07-13,703394107
1720915200000,2024-07-14,712002775
1721001600000,2024-07-15,743848929
1721088000000,2024-07-16,781312875
1721174400000,2024-07-17,786625421
1721260800000,2024-07-18,801241686
1721347200000,2024-07-19,802197932
1721433600000,2024-07-20,825056126
1721520000000,2024-07-21,830845111
1721606400000,2024-07-22,843072561
1721692800000,2024-07-23,823026969
1721779200000,2024-07-24,808147277
1721865600000,2024-07-25,791628850
1721952000000,2024-07-26,754657530
1722038400000,2024-07-27,778629733
1722124800000,2024-07-28,783284850
1722211200000,2024-07-29,777990831
1722297600000,2024-07-30,777787049
1722384000000,2024-07-31,755530910
1722470400000,2024-08-01,740776637
1722556800000,2024-08-02,735295919
1722643200000,2024-08-03,693479259
1722729600000,2024-08-04,673950893
1722816000000,2024-08-05,637700462
1722902400000,2024-08-06,576034663
1722988800000,2024-08-07,601844892
1723075200000,2024-08-08,580101112
1723161600000,2024-08-09,620994576
1723248000000,2024-08-10,618406949
1723334400000,2024-08-11,617721696
1723420800000,2024-08-12,587346431
1723507200000,2024-08-13,606680147
1723593600000,2024-08-14,627611685
1723680000000,2024-08-15,617011586
1723766400000,2024-08-16,602742668
1723852800000,2024-08-17,613414640
1723939200000,2024-08-18,618227917
1724025600000,2024-08-19,617033377
1724112000000,2024-08-20,619306744
1724198400000,2024-08-21,628224135
1724284800000,2024-08-22,645201754
1724371200000,2024-08-23,642597792
1724457600000,2024-08-24,674792229
1724544000000,2024-08-25,679105547
1724630400000,2024-08-26,682033612
1724716800000,2024-08-27,662542795
1724803200000,2024-08-28,621176670
1724889600000,2024-08-29,623481881
1724976000000,2024-08-30,621746520
1725062400000,2024-08-31,626597198
1725148800000,2024-09-01,623094562
1725235200000,2024-09-02,606162610
1725321600000,2024-09-03,626605753
1725408000000,2024-09-04,612359694
1725494400000,2024-09-05,617199203
1725580800000,2024-09-06,596627982
1725667200000,2024-09-07,575765092
1725753600000,2024-09-08,585903126
1725840000000,2024-09-09,588882074
1725926400000,2024-09-10,610650853
1726012800000,2024-09-11,617036256
1726099200000,2024-09-12,617994308
1726185600000,2024-09-13,628608992
1726272000000,2024-09-14,652037175
1726358400000,2024-09-15,646580433
1726444800000,2024-09-16,631082423
1726531200000,2024-09-17,611417053
1726617600000,2024-09-18,627419557
1726704000000,2024-09-19,625443733
1726790400000,2024-09-20,654362519
1726876800000,2024-09-21,673635058
1726963200000,2024-09-22,682478504
1727049600000,2024-09-23,673892901
1727136000000,2024-09-24,693930369
1727222400000,2024-09-25,727062007
1727308800000,2024-09-26,712375622
1727395200000,2024-09-27,738653221
1727481600000,2024-09-28,754307836
1727568000000,2024-09-29,748465531
1727654400000,2024-09-30,755546846
1727740800000,2024-10-01,729483911
1727827200000,2024-10-02,686898812
1727913600000,2024-10-03,673308639
1728000000000,2024-10-04,662420171
1728086400000,2024-10-05,678385790
1728172800000,2024-10-06,676650393
1728259200000,2024-10-07,685399649
1728345600000,2024-10-08,700406802
1728432000000,2024-10-09,688594585
1728518400000,2024-10-10,664207137
1728604800000,2024-10-11,660756837
1728691200000,2024-10-12,699022630
1728777600000,2024-10-13,706068716
1728864000000,2024-10-14,698797388
1728950400000,2024-10-15,732960307
1729036800000,2024-10-16,733240314
1729123200000,2024-10-17,730948830
1729209600000,2024-10-18,719875996
1729296000000,2024-10-19,722962326
1729382400000,2024-10-20,724022371
1729468800000,2024-10-21,757195329
1729555200000,2024-10-22,736298099
1729641600000,2024-10-23,723659130
1729728000000,2024-10-24,705235471
1729814400000,2024-10-25,722689707
1729900800000,2024-10-26,698225431
1729987200000,2024-10-27,697349950
1730073600000,2024-10-28,712775825
1730160000000,2024-10-29,722982334
1730246400000,2024-10-30,745793604
1730332800000,2024-10-31,719998314
1730419200000,2024-11-01,702873422
1730505600000,2024-11-02,693855911
1730592000000,2024-11-03,678686715
1730678400000,2024-11-04,673394527
1730764800000,2024-11-05,656678596
1730851200000,2024-11-06,672396027
1730937600000,2024-11-07,760649432
1731024000000,2024-11-08,786097616
1731110400000,2024-11-09,793451290
1731196800000,2024-11-10,819595064
1731283200000,2024-11-11,838922440
1731369600000,2024-11-12,885846978
1731456000000,2024-11-13,852727788
1731542400000,2024-11-14,828282141
1731628800000,2024-11-15,791162092
1731715200000,2024-11-16,846185189
1731801600000,2024-11-17,853107503
1731888000000,2024-11-18,856578911
1731974400000,2024-11-19,868161006
1732060800000,2024-11-20,857819178
1732147200000,2024-11-21,846442593
1732233600000,2024-11-22,911430800
1732320000000,2024-11-23,906181066
1732406400000,2024-11-24,912890955
1732492800000,2024-11-25,905016271
1732579200000,2024-11-26,864674499
1732665600000,2024-11-27,848254471
1732752000000,2024-11-28,897305148
1732838400000,2024-11-29,880747140
1732924800000,2024-11-30,889204280
1733011200000,2024-12-01,895076064
1733097600000,2024-12-02,904208166
1733184000000,2024-12-03,889207476
1733270400000,2024-12-04,886965277
1733356800000,2024-12-05,912926093
1733443200000,2024-12-06,897068037
1733529600000,2024-12-07,937610077
1733616000000,2024-12-08,934783311
1733702400000,2024-12-09,928683242
1733788800000,2024-12-10,857761350
1733875200000,2024-12-11,845591489
1733961600000,2024-12-12,881594871
1734048000000,2024-12-13,883048854
1734134400000,2024-12-14,897016423
1734220800000,2024-12-15,879749991
1734307200000,2024-12-16,896383903
1734393600000,2024-12-17,908958662
1734480000000,2024-12-18,874003403
1734566400000,2024-12-19,831882726
1734652800000,2024-12-20,789539030
1734739200000,2024-12-21,793007052
1734825600000,2024-12-22,751597021
1734912000000,2024-12-23,756098161
1734998400000,2024-12-24,790354074
1735084800000,2024-12-25,804759095
1735171200000,2024-12-26,797251313
1735257600000,2024-12-27,775336440
1735344000000,2024-12-28,797612073
1735430400000,2024-12-29,808876238
1735516800000,2024-12-30,794779125
1735603200000,2024-12-31,792558489
1735689600000,2025-01-01,785632906
1735776000000,2025-01-02,802227777
1735862400000,2025-01-03,802998436
1735948800000,2025-01-04,840708026
1736035200000,2025-01-05,850719797
1736121600000,2025-01-06,853903508
1736208000000,2025-01-07,857270417
1736294400000,2025-01-08,798140625
1736380800000,2025-01-09,771612716
1736467200000,2025-01-10,750689595
1736553600000,2025-01-11,763340083
1736640000000,2025-01-12,769574588
1736726400000,2025-01-13,755328353
1736812800000,2025-01-14,738372084
1736899200000,2025-01-15,757529721
1736985600000,2025-01-16,797448622
1737072000000,2025-01-17,772276069
1737158400000,2025-01-18,801653062
1737244800000,2025-01-19,762080267
1737331200000,2025-01-20,726090756
1737417600000,2025-01-21,730341351
1737504000000,2025-01-22,747026053
1737590400000,2025-01-23,731455294
1737676800000,2025-01-24,740061204
1737763200000,2025-01-25,727665165
1737849600000,2025-01-26,728773160
1737936000000,2025-01-27,721814141
1738022400000,2025-01-28,697596991
1738108800000,2025-01-29,672618209
1738195200000,2025-01-30,693706520
1738281600000,2025-01-31,709013872
1738368000000,2025-02-01,706069821
1738454400000,2025-02-02,675586060
1738540800000,2025-02-03,618364734
1738627200000,2025-02-04,623914365
1738713600000,2025-02-05,598036545
1738800000000,2025-02-06,599789404
1738886400000,2025-02-07,587260933
1738972800000,2025-02-08,580706130
1739059200000,2025-02-09,588496521
1739145600000,2025-02-10,589950343
1739232000000,2025-02-11,604158251
1739318400000,2025-02-12,591949233
1739404800000,2025-02-13,617565167
1739491200000,2025-02-14,609879583
1739577600000,2025-02-15,616596053
1739664000000,2025-02-16,609602812
1739750400000,2025-02-17,601988563
1739836800000,2025-02-18,610364453
1739923200000,2025-02-19,596876741
1740009600000,2025-02-20,602895796
1740096000000,2025-02-21,620950013
1740182400000,2025-02-22,598169727
1740268800000,2025-02-23,619934301
1740355200000,2025-02-24,620939651
1740441600000,2025-02-25,570524656
1740528000000,2025-02-26,570315559
1740614400000,2025-02-27,549377107
1740700800000,2025-02-28,549707979
1740787200000,2025-03-01,542768328
1740873600000,2025-03-02,537804773
1740960000000,2025-03-03,582188333
1741046400000,2025-03-04,522930163
1741132800000,2025-03-05,532133762
1741219200000,2025-03-06,554711962
1741305600000,2025-03-07,538589061
1741392000000,2025-03-08,542996593
1741478400000,2025-03-09,529726627
1741564800000,2025-03-10,485133873
1741651200000,2025-03-11,462793488
1741737600000,2025-03-12,478408460
1741824000000,2025-03-13,479380583
1741910400000,2025-03-14,472475150
1741996800000,2025-03-15,487784551
1742083200000,2025-03-16,460557565
1742169600000,2025-03-17,454942416
1742256000000,2025-03-18,464870411
1742342400000,2025-03-19,454408638
1742428800000,2025-03-20,474340292
1742515200000,2025-03-21,454932945
1742601600000,2025-03-22,442729489
1742688000000,2025-03-23,445526242
1742774400000,2025-03-24,453455550
1742860800000,2025-03-25,461373735
1742947200000,2025-03-26,457630006
1743033600000,2025-03-27,451073661
1743120000000,2025-03-28,447672326
1743206400000,2025-03-29,432887621
1743292800000,2025-03-30,415476286
1743379200000,2025-03-31,412541357
1743465600000,2025-04-01,415184355
1743552000000,2025-04-02,418964430
1743638400000,2025-04-03,401125942
1743724800000,2025-04-04,401628579
1743811200000,2025-04-05,414740871
1743897600000,2025-04-06,404715480
1743984000000,2025-04-07,375573717
1744070400000,2025-04-08,377109959
1744156800000,2025-04-09,364612429
1744243200000,2025-04-10,390861793
1744329600000,2025-04-11,372131007
1744416000000,2025-04-12,379100675
1744502400000,2025-04-13,387043475
1744588800000,2025-04-14,380433758
1744675200000,2025-04-15,377069957
1744761600000,2025-04-16,368441339
1744848000000,2025-04-17,373662949
1744934400000,2025-04-18,372622669
1745020800000,2025-04-19,368971239
1745107200000,2025-04-20,373875011
1745193600000,2025-04-21,353791336
1745280000000,2025-04-22,353619298
1745366400000,2025-04-23,379305160
1745452800000,2025-04-24,382367838
1745539200000,2025-04-25,382330852
1745625600000,2025-04-26,391709251
1745712000000,2025-04-27,398693327
1745798400000,2025-04-28,385174911
1745884800000,2025-04-29,388842122
1745971200000,2025-04-30,385677913
1746057600000,2025-05-01,379899486
1746144000000,2025-05-02,386195363
1746230400000,2025-05-03,389211322
1746316800000,2025-05-04,384809158
1746403200000,2025-05-05,380441112
1746489600000,2025-05-06,380618356
1746576000000,2025-05-07,374153308
1746662400000,2025-05-08,376315150
1746748800000,2025-05-09,412356044
1746835200000,2025-05-10,414490625
1746921600000,2025-05-11,437509322
1747008000000,2025-05-12,432359061
1747094400000,2025-05-13,411851119
1747180800000,2025-05-14,427780739
1747267200000,2025-05-15,415280828
1747353600000,2025-05-16,406163694
1747440000000,2025-05-17,403201154
1747526400000,2025-05-18,394723491
1747612800000,2025-05-19,390591222
1747699200000,2025-05-20,394340629
1747785600000,2025-05-21,396297777
1747872000000,2025-05-22,401206554
1747958400000,2025-05-23,422267970
1748044800000,2025-05-24,398194215
1748131200000,2025-05-25,400521609
1748217600000,2025-05-26,411586946
1748304000000,2025-05-27,410051589
1748390400000,2025-05-28,425167115
1748476800000,2025-05-29,421896413
1748563200000,2025-05-30,415378680
1748649600000,2025-05-31,401377327
1748736000000,2025-06-01,407410891
1748822400000,2025-06-02,405182705
1748908800000,2025-06-03,411925432
1748995200000,2025-06-04,408281363
1749081600000,2025-06-05,398846960
1749168000000,2025-06-06,377900143
1749254400000,2025-06-07,388658801
1749340800000,2025-06-08,392770057
1749427200000,2025-06-09,391338622
1749513600000,2025-06-10,406579072
1749600000000,2025-06-11,424841648
1749686400000,2025-06-12,412588867
1749772800000,2025-06-13,392450708
1749859200000,2025-06-14,387090702
1749945600000,2025-06-15,385226700
1750032000000,2025-06-16,379816421
1750118400000,2025-06-17,384734775
1750204800000,2025-06-18,380305279
1750291200000,2025-06-19,383863099
1750377600000,2025-06-20,383033321
1750464000000,2025-06-21,372292850
1750550400000,2025-06-22,363212371
1750636800000,2025-06-23,350975172
1750723200000,2025-06-24,370610646
1750809600000,2025-06-25,374481730
1750896000000,2025-06-26,370923417
1750982400000,2025-06-27,370965155
1751068800000,2025-06-28,370604774
1751155200000,2025-06-29,372998412
1751241600000,2025-06-30,380321856
1751328000000,2025-07-01,375162386
1751414400000,2025-07-02,359469817
1751500800000,2025-07-03,374054825
1751587200000,2025-07-04,373632027
1751673600000,2025-07-05,364400676
1751760000000,2025-07-06,366442544
1751846400000,2025-07-07,369077674
1751932800000,2025-07-08,370632954
1752019200000,2025-07-09,375646669
1752105600000,2025-07-10,392921296
1752192000000,2025-07-11,419861609
1752278400000,2025-07-12,425292833
1752364800000,2025-07-13,426719585
1752451200000,2025-07-14,433131435
1752537600000,2025-07-15,431881158
1752624000000,2025-07-16,441004129
1752710400000,2025-07-17,453774415
1752796800000,2025-07-18,456422093
1752883200000,2025-07-19,458545824
1752969600000,2025-07-20,455690124
1753056000000,2025-07-21,465504476
1753142400000,2025-07-22,470288906
1753228800000,2025-07-23,469437378
1753315200000,2025-07-24,464250422
1753401600000,2025-07-25,456025207
1753488000000,2025-07-26,453433607
1753574400000,2025-07-27,464466333
1753660800000,2025-07-28,475072652
1753747200000,2025-07-29,469894670
1753833600000,2025-07-30,458555491
1753920000000,2025-07-31,459561641
1754006400000,2025-08-01,453361111
1754092800000,2025-08-02,438744073
1754179200000,2025-08-03,431758311
1754265600000,2025-08-04,434659904
1754352000000,2025-08-05,449544782
1754438400000,2025-08-06,439448218
1754524800000,2025-08-07,444797273
1754611200000,2025-08-08,469005844
1754697600000,2025-08-09,472623627
1754784000000,2025-08-10,484776613
1754870400000,2025-08-11,478687230
1754956800000,2025-08-12,472542108
1755043200000,2025-08-13,500026094
1755129600000,2025-08-14,515940482
1755216000000,2025-08-15,492241646
1755302400000,2025-08-16,478835785
1755388800000,2025-08-17,478052593
1755475200000,2025-08-18,480631629
1755561600000,2025-08-19,468827116
1755648000000,2025-08-20,450625197
1755734400000,2025-08-21,459572629
1755820800000,2025-08-22,449673223
1755907200000,2025-08-23,486336791
1755993600000,2025-08-24,494138395
1756080000000,2025-08-25,482741403
1756166400000,2025-08-26,456443262
1756252800000,2025-08-27,475760382
1756339200000,2025-08-28,475489344
1756425600000,2025-08-29,478629797
1756512000000,2025-08-30,449695746
1756598400000,2025-08-31,453319544
1756684800000,2025-09-01,449668935
1756771200000,2025-09-02,439349282
1756857600000,2025-09-03,443980322
1756944000000,2025-09-04,450611700
1757030400000,2025-09-05,439407052
1757116800000,2025-09-06,438649757
1757203200000,2025-09-07,436257702
1757289600000,2025-09-08,442210951
1757376000000,2025-09-09,440088068
1757462400000,2025-09-10,442106650
1757548800000,2025-09-11,444641713
1757635200000,2025-09-12,452235282
1757721600000,2025-09-13,464879699
1757808000000,2025-09-14,461785413
1757894400000,2025-09-15,456318193
1757980800000,2025-09-16,446615550
1758067200000,2025-09-17,445825317
1758153600000,2025-09-18,451141401
1758240000000,2025-09-19,448593848
1758326400000,2025-09-20,437886891
1758412800000,2025-09-21,427197740
1758499200000,2025-09-22,417027613
1758585600000,2025-09-23,408402796
1758672000000,2025-09-24,396461819
1758758400000,2025-09-25,403983127
1758844800000,2025-09-26,383160360
1758931200000,2025-09-27,393967659
1759017600000,2025-09-28,390745195
1759104000000,2025-09-29,399304213
1759190400000,2025-09-30,403025241
1759276800000,2025-10-01,398691521
1759363200000,2025-10-02,413457524
1759449600000,2025-10-03,425500322
1759536000000,2025-10-04,428283648
1759622400000,2025-10-05,425240029
1759708800000,2025-10-06,415018416
1759795200000,2025-10-07,425172508
1759881600000,2025-10-08,418976165
1759968000000,2025-10-09,425517627
1760054400000,2025-10-10,414634601
1760140800000,2025-10-11,359833841
1760227200000,2025-10-12,348079719
1760313600000,2025-10-13,375792421
1760400000000,2025-10-14,380736032
1760486400000,2025-10-15,374206938
1760572800000,2025-10-16,360559404
1760659200000,2025-10-17,351590404
1760745600000,2025-10-18,345496741
1760832000000,2025-10-19,348222322
1760918400000,2025-10-20,345096315
1761004800000,2025-10-21,347086577
1761091200000,2025-10-22,338061137
1761177600000,2025-10-23,343336226
1761264000000,2025-10-24,344114308
1761350400000,2025-10-25,348989697
1761436800000,2025-10-26,350280502
1761523200000,2025-10-27,362503743
1761609600000,2025-10-28,358090772
1761696000000,2025-10-29,349359469
1761782400000,2025-10-30,346605514
1761868800000,2025-10-31,338871410
1761955200000,2025-11-01,344602200
1762041600000,2025-11-02,352563807
1762128000000,2025-11-03,354830011
1762214400000,2025-11-04,322938080
1762300800000,2025-11-05,309924291
1762387200000,2025-11-06,315673226
1762473600000,2025-11-07,308452843
1762560000000,2025-11-08,321533031
1762646400000,2025-11-09,319556427
1762732800000,2025-11-10,324380710
1762819200000,2025-11-11,322572729
1762905600000,2025-11-12,320898636
1762992000000,2025-11-13,316316897
1763078400000,2025-11-14,305751595
1763164800000,2025-11-15,296699730
1763251200000,2025-11-16,300920691
1763337600000,2025-11-17,296460497
1763424000000,2025-11-18,269771611
1763510400000,2025-11-19,296006544
1763596800000,2025-11-20,290418604
1763683200000,2025-11-21,279280856
1763769600000,2025-11-22,271250567
1763856000000,2025-11-23,273486405
1763942400000,2025-11-24,270101644
1764028800000,2025-11-25,278584511
1764115200000,2025-11-26,276182088
1764201600000,2025-11-27,284161753
1764288000000,2025-11-28,282912885
1764374400000,2025-11-29,283178310
1764460800000,2025-11-30,284056875
1764547200000,2025-12-01,288029332
1764633600000,2025-12-02,268910098
1764720000000,2025-12-03,284639793
1764806400000,2025-12-04,302916654
1764892800000,2025-12-05,298726985
1764979200000,2025-12-06,282665244
1765065600000,2025-12-07,291435054
1765152000000,2025-12-08,292982288
1765238400000,2025-12-09,300580409
1765324800000,2025-12-10,309327520
1765411200000,2025-12-11,311573903
1765497600000,2025-12-12,307180586
1765584000000,2025-12-13,298623225
1765670400000,2025-12-14,300236241
1765756800000,2025-12-15,290266600
1765843200000,2025-12-16,288300837
1765929600000,2025-12-17,289220346
1766016000000,2025-12-18,283013015
1766102400000,2025-12-19,281130755
1766188800000,2025-12-20,292252457
1766275200000,2025-12-21,285460846
1766361600000,2025-12-22,284622343
1766448000000,2025-12-23,291938709
1766534400000,2025-12-24,289949881
1766620800000,2025-12-25,291349705
1766707200000,2025-12-26,289313150
1766793600000,2025-12-27,290912323
1766880000000,2025-12-28,293532418
1766966400000,2025-12-29,294138482
1767052800000,2025-12-30,290051434
1767139200000,2025-12-31,291634212
1767225600000,2026-01-01,288944899
1767312000000,2026-01-02,292919696
1767398400000,2026-01-03,300276985
1767484800000,2026-01-04,304744344
1767571200000,2026-01-05,299479567
1767657600000,2026-01-06,314064550
1767744000000,2026-01-07,308889653
1767830400000,2026-01-08,300032211
1767916800000,2026-01-09,306002227
1768003200000,2026-01-10,295912341
1768089600000,2026-01-11,295516142
1768176000000,2026-01-12,294843368
1768262400000,2026-01-13,302454764
1768348800000,2026-01-14,317761229
1768435200000,2026-01-15,316059118
1768521600000,2026-01-16,303539874
1768608000000,2026-01-17,311724885
1768694400000,2026-01-18,314220539
1768780800000,2026-01-19,303163672
1768867200000,2026-01-20,302440916
1768953600000,2026-01-21,290108924
1769040000000,2026-01-22,290612082
1769126400000,2026-01-23,293177711
1769212800000,2026-01-24,292145745
1769299200000,2026-01-25,291529502
1769385600000,2026-01-26,284245105
1769472000000,2026-01-27,284560813
1769558400000,2026-01-28,290152379
1769644800000,2026-01-29,289095006
1769731200000,2026-01-30,279937921
1769817600000,2026-01-31,267383312
1769904000000,2026-02-01,251315438
1769990400000,2026-02-02,247007578
1770076800000,2026-02-03,252069590
1770163200000,2026-02-04,226151224